mutcod,usitnr,uhnm50,Gene_Name,Phenotype_Name
0,500,CYP2D6 POOR METABOLIZER,CYP2D6,POOR METABOLIZER
0,501,CYP2D6 INTERMEDIATE METABOLIZER,CYP2D6,INTERMEDIATE METABOLIZER
0,502,CYP2D6 ULTRARAPID METABOLIZER,CYP2D6,ULTRARAPID METABOLIZER
0,503,FACTOR V LEIDEN HOMOZYGOUS,F5,LEIDEN HOMOZYGOUS
0,504,FACTOR V LEIDEN HETEROZYGOUS,F5,LEIDEN HETEROZYGOUS
0,505,CYP2D6 EXTENSIVE/NORMAL METABOLIZER,CYP2D6,EXTENSIVE/NORMAL METABOLIZER
0,506,CYP2C9 *1/*1,CYP2C9,*1/*1
0,507,CYP2C9 *1/*2,CYP2C9,*1/*2
0,508,CYP2C9 *1/*3,CYP2C9,*1/*3
0,509,CYP2C9 *2/*2,CYP2C9,*2/*2
0,510,CYP2C9 *2/*3,CYP2C9,*2/*3
0,511,CYP2C9 *3/*3,CYP2C9,*3/*3
0,512,CYP2C9 INTERMEDIATE METABOLIZER,CYP2C9,INTERMEDIATE METABOLIZER
0,513,CYP2C9 POOR METABOLIZER,CYP2C9,POOR METABOLIZER
0,514,CYP2C19 EXTENSIVE/NORMAL METABOLIZER,CYP2C19,EXTENSIVE/NORMAL METABOLIZER
0,520,CYP2C19 INTERMEDIATE METABOLIZER,CYP2C19,INTERMEDIATE METABOLIZER
0,521,CYP2C19 POOR METABOLIZER,CYP2C19,POOR METABOLIZER
0,522,UGT1A1 EXTENSIVE METABOLIZER,UGT1A1,EXTENSIVE METABOLIZER
0,523,UGT1A1 *1/*28 (TA6/TA7),UGT1A1,*1/*28 (TA6/TA7)
0,524,UGT1A1 *28/*28 (TA7/TA7),UGT1A1,*28/*28 (TA7/TA7)
0,525,UGT1A1 INTERMEDIATE METABOLIZER,UGT1A1,INTERMEDIATE METABOLIZER
0,526,UGT1A1 POOR METABOLIZER,UGT1A1,POOR METABOLIZER
0,527,TPMT INTERMEDIATE METABOLISER,TPMT,INTERMEDIATE METABOLISER
0,528,TPMT POOR METABOLISER,TPMT,POOR METABOLISER
0,529,VKORC1 -1639GA (1173CT),VKORC1,-1639GA (1173CT)
0,530,VKORC1 -1639AA (1173TT),VKORC1,-1639AA (1173TT)
0,533,FACTOR V LEIDEN ABSENT,F5,LEIDEN ABSENT
0,534,TPMT NORMAL METABOLISER,TPMT,NORMAL METABOLISER
0,535,VKORC1 -1639GG (1173CC) (WILD TYPE),VKORC1,-1639GG (1173CC) (WILD TYPE)
0,536,HLA-B*5701-POSITIVE,HLA-B5701,*5701-POSITIVE
0,537,HLA-B*5701-NEGATIVE,HLA-B5701,*5701-NEGATIVE
0,538,CYP3A5 POOR METABOLIZER (MOST PREVALENT),CYP3A5,POOR METABOLIZER (MOST PREVALENT)
0,539,CYP3A5 INTERMEDIATE METABOLIZER,CYP3A5,INTERMEDIATE METABOLIZER
0,540,CYP3A5 EXTENSIVE METABOLIZER,CYP3A5,EXTENSIVE METABOLIZER
0,541,CYP2C19 ULTRARAPID METABOLIZER,CYP2C19,ULTRARAPID METABOLIZER
0,542,DPD GENE ACTIVITY SCORE 0,DPYD,GENE ACTIVITY SCORE 0
0,543,DPD GENE ACTIVITY SCORE 1,DPYD,GENE ACTIVITY SCORE 1
0,544,DPD GENE ACTIVITY SCORE 2 (NORMAL METABOLISER),DPYD,GENE ACTIVITY SCORE 2 (NORMAL METABOLISER)
0,545,SLCO1B1 NORMAL FUNCTION,SLCO1B1,NORMAL FUNCTION
0,546,SLCO1B1 DECREASED FUNCTION,SLCO1B1,DECREASED FUNCTION
0,547,SLCO1B1 POOR FUNCTION,SLCO1B1,POOR FUNCTION
0,1342,CYP2B6 EXTENSIVE/NORMAL METABOLIZER,CYP2B6,EXTENSIVE/NORMAL METABOLIZER
0,1343,CYP2B6 INTERMEDIATE METABOLIZER,CYP2B6,INTERMEDIATE METABOLIZER
0,1344,CYP2B6 POOR METABOLIZER,CYP2B6,POOR METABOLIZER
0,1345,"DPD GENE ACTIVITY SCORE 1,5",DPYD,"GENE ACTIVITY SCORE 1,5"
0,1346,DPD PHENOTYPING,DPYD,DPD PHENOTYPING
0,1371,CYP2B6 *1/*5 OR *4/*5,CYP2B6,*1/*5 OR *4/*5
0,1372,CYP2B6 *5/*5,CYP2B6,*5/*5
0,1373,CYP2B6 *5/*6 OR *5/*18 OR *5/*7 OR *5/*9,CYP2B6,*5/*6 OR *5/*18 OR *5/*7 OR *5/*9
0,1381,NUDT15 POOR METABOLIZER,NUDT15,POOR METABOLIZER
0,1382,NUDT15 INTERMEDIATE METABOLIZER,NUDT15,INTERMEDIATE METABOLIZER
0,1383,NUDT15 EXTENSIVE/NORMAL METABOLIZER,NUDT15,EXTENSIVE/NORMAL METABOLIZER
