mutcod,gngnam,gngnk,gnstam,gnstnt,gncast
0,OXYCODONE HYDROCHLORIDE-3-WATER,663,45624,,0
0,CODEINE DIWATERSTOFFOSFAAT-0-WATER,1007,38938,,52288
0,CODEINE 1-WATER,1015,38938,,6059478
0,CODEINE HYDROCHLORIDE-2-WATER,1023,38938,,70420712
0,-,1295,1295,S,315300
0,ACENOCOUMAROL,1422,1422,S,152727
0,PHENPROCOUMON,1465,1465,S,435972
0,WARFARIN NATRIUM,1473,49727,,129066
0,PHENYTOIN,1856,1856,S,57410
0,PHENYTOIN NATRIUM,1864,1856,,630933
0,PHENYTOIN VALERAAT,1872,1856,,0
0,PHENYTOIN CALCIUM,1880,1856,,0
0,CARBAMAZEPINE,2011,2011,S,298464
0,ATENOLOL,2569,2569,S,29122687
0,METOPROLOL TARTRAAT,2577,44458,,56392177
0,SOTALOL HYDROCHLORIDE,2615,48208,,959240
0,CLONIDINE HYDROCHLORIDE,2712,38857,,4205918
0,DISOPYRAMIDE,4529,4529,S,3737095
0,DISOPYRAMIDE FOSFAAT,4537,4529,,22059605
0,KINIDINE POLYGALACTURONAAT,4561,42684,,65484562
0,KINIDINE SULFAAT-2-WATER,4588,42684,,6591635
0,KINIDINE WATERSTOFSULFAAT-4-WATER,4596,42684,,6151399
0,KINIDINE FENOBARBITAL,4618,42684,,1400482
0,FLUCLOXACILLIN NATRIUM-1-WATER,5053,40991,,34214512
0,FLUCYTOSINE,5878,5878,S,2022857
0,METHOTREXATE,7684,7684,S,59052
0,METHOTREXATE DINATRIUM,7692,7684,,7413345
0,AZATHIOPRINE,7706,7706,S,446866
0,AZATHIOPRINE NATRIUM,7714,7706,,55774339
0,MERCAPTOPURINE 1-WATER,7722,44113,,6112761
0,FLUOROURACIL,7749,7749,S,51218
0,TEGAFUR,7757,7757,S,17902237
0,TOLBUTAMIDE,8249,8249,S,64777
0,ESTRADIOL BENZOAAT,9245,9318,,50500
0,ESTRADIOL FENYLPROPIONAAT,9253,9318,,26443038
0,ESTRADIOL UNDECANOAAT,9261,9318,,33613024
0,ESTRADIOL VALERAAT,9288,9318,,979328
0,ESTRADIOL,9318,9318,S,50282
0,ETHINYLESTRADIOL,9342,9342,S,57636
0,TAMOXIFEN CITRAAT,9393,48534,,54965241
0,CYPROTERON ACETAAT,9423,39195,,427510
0,LYNESTRENOL,9490,9490,S,52766
0,NORETHISTERON,9547,9547,S,68224
0,FOLIUMZUUR,9830,9830,S,59303
0,GLIBENCLAMIDE,12300,12300,S,10238218
0,GLICLAZIDE,12327,12327,S,21187984
0,ZUCLOPENTHIXOL DECANOAAT,14338,38865,,64053005
0,FLUPENTIXOL DIHYDROCHLORIDE,14354,41092,,2413389
0,FLUPENTIXOL DECANOAAT,14362,41092,,30909514
0,HALOPERIDOL,14427,14427,S,52868
0,PIMOZIDE,14508,14508,S,2062784
0,AMITRIPTYLINE HYDROCHLORIDE,14664,36722,,549188
0,AMITRIPTYLINE EMBONAAT,14672,36722,,17086032
0,CLOMIPRAMINE HYDROCHLORIDE,14699,38849,,17321776
0,DOXEPIN HYDROCHLORIDE,14745,40045,,1229294
0,IMIPRAMINE HYDROCHLORIDE,14753,41955,,113520
0,NORTRIPTYLINE HYDROCHLORIDE,14788,45268,,894713
0,METHYLPHENIDATE HYDROCHLORIDE,14907,44342,,298599
0,AMIODARONE HYDROCHLORIDE,15571,36714,,19774824
0,KINIDINE GLUCONAAT,18570,42684,,7054253
0,CODEINE SULFAAT-3-WATER,20028,38938,,6854406
0,FLUCLOXACILLIN (ALS NA-ZOUT-1-WATER),23264,40991,,0
0,FLUPENTIXOL (ALS DIHYDROCHLORIDE),23272,41092,,0
0,FLUOROURACIL (ALS NA-ZOUT),23280,7749,,0
0,DISOPYRAMIDE (ALS FOSFAAT),23515,4529,,0
0,NORETHISTERON (ALS ACETAAT),23582,9547,,0
0,CODEINE DIWATERSTOFFOSFAAT-0.5-WATER,23647,38938,,41444626
0,CODEINE DIWATERSTOFFOSFAAT-1.5-WATER,23655,38938,,5913768
0,LEVONORGESTREL,26506,26506,S,797637
0,METHOTREXATE (ALS DI-NA-ZOUT),26573,7684,,0
0,DESOGESTREL,30333,30333,S,54024225
0,HALOPERIDOL DECANOAAT,30767,14427,,74050978
0,FLECAINIDE,31291,31291,S,54143554
0,ZUCLOPENTHIXOL DIHYDROCHLORIDE,32883,38865,,633590
0,PROPAFENONE,34460,34460,S,54063535
0,OMEPRAZOLE,34622,34622,S,73590586
0,AMIODARONE,36714,36714,S,1951253
0,AMITRIPTYLINE,36722,36722,S,50486
0,AMITRIPTYLINE (ALS EMBONAAT),36730,36722,,0
0,AZATHIOPRINE (ALS NA-ZOUT),36986,7706,,0
0,CLOMIPRAMINE,38849,38849,S,303491
0,CLONIDINE,38857,38857,S,4205907
0,ZUCLOPENTHIXOL,38865,38865,S,53772831
0,CODEINE,38938,38938,S,76573
0,ZUCLOPENTHIXOL (ALS DIHYDROCHLORIDE),38946,38865,,0
0,CYPROTERON,39195,39195,S,2098660
0,DOXEPIN,40045,40045,S,1668195
0,DOXEPIN (ALS HYDROCHLORIDE),40088,40045,,0
0,ESTRADIOL CIPIONAAT,40444,9318,,313064
0,ESTRADIOL DIPROPIONAAT,40452,9318,,113382
0,FLUCLOXACILLIN,40991,40991,S,5250395
0,FLECAINIDE ACETAAT,41017,31291,,54143565
0,FLECAINIDE (ALS ACETAAT),41025,31291,,0
0,FLUOROURACIL NATRIUM,41084,7749,,0
0,FLUPENTIXOL,41092,41092,S,2709560
0,HALOPERIDOL (ALS DECANOAAT),41564,14427,,0
0,IMIPRAMINE,41955,41955,S,50497
0,KINIDINE,42684,42684,S,56542
0,KINIDINE 2-WATER,42692,42684,,63717044
0,MERCAPTOPURINE,44113,44113,S,50442
0,METHYLPHENIDATE,44342,44342,S,113451
0,METOPROLOL,44458,44458,S,37350586
0,NORETHISTERON ACETAAT,45217,9547,,51989
0,NORETHISTERON ENANTAAT,45225,9547,,3836235
0,NORTRIPTYLINE,45268,45268,S,72695
0,NORTRIPTYLINE (ALS HYDROCHLORIDE),45276,45268,,0
0,OXYCODONE,45624,45624,S,76426
0,SOTALOL,48208,48208,S,3930209
0,TAMOXIFEN,48534,48534,S,10540291
0,TAMOXIFEN (ALS CITRAAT),48542,48534,,0
0,TIOGUANINE 0.5-WATER,49271,50334,,5580030
0,WARFARIN,49727,49727,S,81812
0,TIOGUANINE (ALS 0.5-WATER),50296,50334,,0
0,TIOGUANINE,50334,50334,S,154427
0,CODEINE HYDROCHLORIDE-0-WATER,51098,38938,,1422077
0,CODEINE SULFAAT-0-WATER,51101,38938,,1420537
0,OXYCODONE HYDROCHLORIDE-0-WATER,51128,45624,,124903
0,FLUCLOXACILLIN NATRIUM-0-WATER,51233,40991,,1847241
0,KINIDINE SULFAAT-0-WATER,52825,42684,,50544
0,AMITRIPTYLINE (ALS HYDROCHLORIDE),53899,36722,,0
0,FLUVOXAMINE,54011,54011,S,54739183
0,FLUVOXAMINE WATERSTOFMALEAAT,54038,54011,,61718829
0,- NATRIUM,54283,1295,,17795210
0,- (ALS NA-ZOUT),54291,1295,,0
0,PROPAFENONE HYDROCHLORIDE,54364,34460,,34183227
0,KINIDINE (ALS GLUCONAAT),57533,42684,,0
0,KINIDINE HYDROCHLORIDE-1-WATER,57681,42684,,0
0,PHENYTOIN (ALS NA-ZOUT),58327,1856,,0
0,FLUOXETINE,58866,58866,S,54910893
0,RIBAVIRIN,58890,58890,S,36791045
0,GESTODEEN,60054,60054,S,60282873
0,BISOPROLOL,60666,60666,S,66722449
0,CLOZAPINE,60747,60747,S,5786210
0,BISOPROLOL FUMARAAT,60755,60666,,104344232
0,CITALOPRAM,62138,62138,S,59729338
0,CITALOPRAM HYDROBROMIDE,62146,62138,,59729327
0,CITALOPRAM (ALS HYDROBROMIDE),62154,62138,,0
0,CITALOPRAM HYDROCHLORIDE,62162,62138,,85118270
0,CITALOPRAM (ALS HYDROCHLORIDE),62170,62138,,0
0,METOPROLOL SUCCINAAT,62227,44458,,98418474
0,SIMVASTATIN,62340,62340,S,79902639
0,OMEPRAZOLE NATRIUM,62847,34622,,95510706
0,OMEPRAZOLE (ALS NA-ZOUT),62855,34622,,0
0,FLUOXETINE HYDROCHLORIDE,63371,58866,,59333674
0,FLUOXETINE (ALS HYDROCHLORIDE),63401,58866,,0
0,ZUCLOPENTHIXOL ACETAAT,64076,38865,,85721057
0,OXCARBAZEPINE,64246,64246,S,28721075
0,LAMOTRIGINE,64289,64289,S,84057841
0,METOPROLOL FUMARAAT,65315,44458,,119637660
0,NORGESTIMAAT,65447,65447,S,35189287
0,MOCLOBEMIDE,65560,65560,S,71320779
0,CARVEDILOL,65951,65951,S,72956093
0,PAROXETINE,66982,66982,S,61869087
0,PAROXETINE HYDROCHLORIDE-0-WATER,66990,66982,,78246498
0,PAROXETINE HYDROCHLORIDE-0.5-WATER,67008,66982,,110429351
0,PAROXETINE (ALS HYDROCHLORIDE-0.5-WATER),67016,66982,,0
0,SERTRALINE,67482,67482,S,79617962
0,SERTRALINE HYDROCHLORIDE,67490,67482,,79559970
0,SERTRALINE (ALS HYDROCHLORIDE),67504,67482,,0
0,FLUCLOXACILLIN MAGNESIUM-8-WATER,67547,40991,,58486365
0,FLUCLOXACILLIN (ALS MG-ZOUT-8-WATER),67555,40991,,0
0,MIRTAZAPINE,67822,67822,S,61337675
0,PACLITAXEL,67830,67830,S,33069624
0,RISPERIDONE,68373,68373,S,106266062
0,LANSOPRAZOLE,68462,68462,S,103577453
0,TRAMADOL,68993,68993,S,27203925
0,TRAMADOL HYDROCHLORIDE,69000,68993,,22204882
0,FLUVASTATIN,69078,69078,S,93957541
0,FLUVASTATIN NATRIUM,69086,69078,,93957552
0,FLUVASTATIN (ALS NA-ZOUT),69094,69078,,0
0,VENLAFAXINE,69612,69612,S,93413695
0,VENLAFAXINE HYDROCHLORIDE,69620,69612,,99300784
0,VENLAFAXINE (ALS HYDROCHLORIDE),71285,69612,,0
0,TACROLIMUS,71668,71668,S,104987113
0,TACROLIMUS 1-WATER,71676,71668,,109581933
0,PANTOPRAZOLE,71722,71722,S,102625707
0,PANTOPRAZOLE NATRIUM-1.5-WATER,71730,71722,,138786671
0,PANTOPRAZOLE (ALS NA-ZOUT-1.5-WATER),71749,71722,,0
0,OLANZAPINE,72664,72664,S,132539061
0,GLIMEPIRIDE,72672,72672,S,93479971
0,IRINOTECAN,73881,73881,S,97682445
0,IRINOTECAN HYDROCHLORIDE-3-WATER,73903,73881,,136572093
0,ATORVASTATIN,74020,74020,S,134523005
0,ATORVASTATIN CALCIUM,74039,74020,,134523038
0,ATORVASTATIN (ALS CA-ZOUT),74047,74020,,0
0,CLOPIDOGREL,75035,75035,S,113665842
0,CLOPIDOGREL WATERSTOFSULFAAT,75043,75035,,135046489
0,CLOPIDOGREL (ALS WATERSTOFSULFAAT),75051,75035,,0
0,ESTRADIOL 0.5-WATER,75078,9318,,35380713
0,ESTRADIOL (ALS 0.5-WATER),75086,9318,,0
0,OMEPRAZOLE MAGNESIUM,76384,34622,,95382335
0,OMEPRAZOLE (ALS MG-ZOUT),76392,34622,,0
0,QUETIAPINE,76694,76694,S,111974697
0,QUETIAPINE FUMARAAT,76708,76694,,111974722
0,QUETIAPINE (ALS FUMARAAT),76716,76694,,0
0,ABACAVIR,76783,76783,S,136470785
0,ABACAVIR SUCCINAAT,76791,76783,,168146847
0,RABEPRAZOLE,77291,77291,S,117976893
0,RABEPRAZOLE NATRIUM,77305,77291,,117976906
0,RABEPRAZOLE (ALS NA-ZOUT),77313,77291,,0
0,EFAVIRENZ,77771,77771,S,154598524
0,MERCAPTOPURINE NATRIUM,78174,44113,,0
0,ABACAVIR SULFAAT,79502,76783,,188062502
0,ABACAVIR (ALS SULFAAT),79510,76783,,0
0,CAPECITABINE,79618,79618,S,154361509
0,DROSPIRENON,80217,80217,S,67392874
0,ESOMEPRAZOLE,80365,80365,S,119141887
0,ESOMEPRAZOLE MAGNESIUM-3-WATER,80586,80365,,202742323
0,ESOMEPRAZOLE (ALS MG-ZOUT-3-WATER),80594,80365,,0
0,DIENOGEST,81116,81116,S,65928587
0,VORICONAZOLE,81167,81167,S,137234629
0,PAROXETINE MESILAAT,81663,66982,,217797143
0,PAROXETINE (ALS MESILAAT),81671,66982,,0
0,PAROXETINE (ALS HYDROCHLORIDE-0-WATER),81698,66982,,0
0,TACROLIMUS (ALS 1-WATER),82686,71668,,0
0,ARIPIPRAZOLE,82791,82791,S,129722129
0,ATOMOXETINE,82899,82899,S,83015263
0,ATOMOXETINE HYDROCHLORIDE,82902,82899,,82248597
0,GEFITINIB,83194,83194,S,184475352
0,ESOMEPRAZOLE NATRIUM,83747,80365,,161796787
0,ESOMEPRAZOLE (ALS NA-ZOUT),83755,80365,,0
0,ESCITALOPRAM,83933,83933,S,128196010
0,ESCITALOPRAM OXALAAT,83941,83933,,219861082
0,ESCITALOPRAM (ALS OXALAAT),83968,83933,,0
0,DULOXETINE,84093,84093,S,116539594
0,DULOXETINE HYDROCHLORIDE,84107,84093,,136434349
0,NOMEGESTROL,84131,84131,S,58691886
0,NOMEGESTROL ACETAAT,84158,84131,,58652203
0,DULOXETINE (ALS HYDROCHLORIDE),84271,84093,,0
0,ATOMOXETINE (ALS HYDROCHLORIDE),84654,82899,,0
0,DEXMETHYLPHENIDATE,85189,85189,S,40431649
0,ETHINYLESTRADIOL BETADEX,87726,9342,,0
0,ETHINYLESTRADIOL (ALS BETADEX),87734,9342,,0
0,PRASUGREL,88153,88153,S,150322433
0,PRASUGREL HYDROCHLORIDE,88161,88153,,389574190
0,PRASUGREL (ALS HYDROCHLORIDE),88188,88153,,0
0,OLANZAPINE EMBONAAT-1-WATER,88307,72664,,221373188
0,OLANZAPINE (ALS EMBONAAT-1-WATER),88315,72664,,0
0,CLOPIDOGREL HYDROCHLORIDE,88366,75035,,90055484
0,CLOPIDOGREL (ALS HYDROCHLORIDE),88374,75035,,0
0,CLOPIDOGREL BESILAAT,88382,75035,,0
0,CLOPIDOGREL (ALS BESILAAT),88390,75035,,0
0,ESOMEPRAZOLE MAGNESIUM-2-WATER,89362,80365,,0
0,ESOMEPRAZOLE (ALS MG-ZOUT-2-WATER),89370,80365,,0
0,TICAGRELOR,89796,89796,S,274693275
0,ATORVASTATIN CALCIUM-3-WATER,90271,74020,,344423989
0,ATORVASTATIN (ALS CA-ZOUT-3-WATER),90298,74020,,0
0,PACLITAXEL NANODEELTJES,90379,67830,,0
0,CLOPIDOGREL HYDROBROMIDE-1-WATER,91294,75035,,120202677
0,CLOPIDOGREL (ALS HYDROBROMIDE-1-WATER),91308,75035,,0
0,MERCAPTOPURINE (ALS 1-WATER),91650,44113,,0
0,METHYLPHENIDATE (ALS HYDROCHLORIDE),91944,44342,,0
0,DEXMETHYLPHENIDATE HYDROCHLORIDE,92258,85189,,19262681
0,DEXMETHYLPHENIDATE (ALS HYDROCHLORIDE),92266,85189,,0
0,ELIGLUSTAT,93696,93696,S,491833295
0,ELIGLUSTAT TARTRAAT,93718,93696,,928659705
0,ELIGLUSTAT (ALS TARTRAAT),93726,93696,,0
0,ABACAVIR HYDROCHLORIDE,95761,76783,,0
0,ABACAVIR (ALS HYDROCHLORIDE),95788,76783,,0
0,IRINOTECAN (ALS SUCROSOFAAT) PEG-LIPOSOMAAL,96105,73881,,0
0,PRASUGREL BESILAAT,97969,88153,,0
0,PRASUGREL (ALS BESILAAT),97977,88153,,0
0,PRASUGREL HYDROBROMIDE,98175,88153,,0
0,PRASUGREL (ALS HYDROBROMIDE),98183,88153,,0
0,BREXPIPRAZOL,98248,98248,S,913611979
0,SIPONIMOD,99007,99007,S,1230487009
0,SIPONIMOD FUMARAAT,99015,99007,,1234627850
0,SIPONIMOD (ALS FUMARAAT),99023,99007,,0
