mutcod,gngnk,gngnam,gnstam,gncast,gpkode,nmnaam,atcode
0,663,OXYCODONE HYDROCHLORIDE-3-WATER,45624,0,31801,OXYCODON HYDROCHLORIDE,N02AA05
0,1015,CODEINE 1-WATER,38938,6059478,26255,CODEINE,R05DA04
0,1422,ACENOCOUMAROL,1422,152727,8397,ACENOCOUMAROL TABLET 4MG,B01AA07
0,1422,ACENOCOUMAROL,1422,152727,20303,ACENOCOUMAROL TABLET 1MG,B01AA07
0,1465,PHENPROCOUMON,1465,435972,6637,FENPROCOUMON TABLET 3MG,B01AA04
0,1465,PHENPROCOUMON,1465,435972,149942,FENPROCOUMON SUSPENSIE 1MG/ML,B01AA04
0,1465,PHENPROCOUMON,1465,435972,177644,FENPROCOUMON,B01AA04
0,1473,WARFARIN NATRIUM,49727,129066,46914,WARFARINE NATRIUM,B01AA03
0,1473,WARFARIN NATRIUM,49727,129066,147613,WARFARINE INJVLST 5MG/ML,B01AA03
0,1473,WARFARIN NATRIUM,49727,129066,179795,WARFARINE TABLET 1MG,B01AA03
0,1856,PHENYTOIN,1856,57410,32239,FENYTOINE,N03AB02
0,1856,PHENYTOIN,1856,57410,74705,FENYTOINE TABLET 23MG (= 25MG NA-ZOUT),N03AB02
0,1856,PHENYTOIN,1856,57410,74713,FENYTOINE TABLET 46MG (= 50MG NA-ZOUT),N03AB02
0,1856,PHENYTOIN,1856,57410,74721,FENYTOINE TABLET 69MG (= 75MG NA-ZOUT),N03AB02
0,1856,PHENYTOIN,1856,57410,74748,FENYTOINE TABLET 92MG (= 100MG NA-ZOUT),N03AB02
0,1856,PHENYTOIN,1856,57410,117870,FENYTOINE SUSPENSIE 15MG/ML,N03AB02
0,1864,PHENYTOIN NATRIUM,1856,630933,26921,FENYTOINE NATRIUM,N03AB02
0,1864,PHENYTOIN NATRIUM,1856,630933,52590,FENYTOINE INJVLST NA-ZOUT 50MG/ML,N03AB02
0,1864,PHENYTOIN NATRIUM,1856,630933,57509,FENYTOINE INJVLST 50MG/ML,N03AB02
0,1864,PHENYTOIN NATRIUM,1856,630933,172146,FENYTOINE DRANK NA-ZOUT 10MG/ML,N03AB02
0,2569,ATENOLOL,2569,29122687,10936,ATENOLOL TABLET 100MG,C07AB03
0,2569,ATENOLOL,2569,29122687,38652,ATENOLOL TABLET  50MG,C07AB03
0,2569,ATENOLOL,2569,29122687,38741,ATENOLOL/CHLOORTALIDON TABLET 100/25MG,C07CB03
0,2569,ATENOLOL,2569,29122687,50245,"ATENOLOL/CHLOORTALIDON TABLET  50/12,5MG",C07CB03
0,2569,ATENOLOL,2569,29122687,80918,ATENOLOL,C07AB03
0,2569,ATENOLOL,2569,29122687,83712,ATENOLOL TABLET  25MG,C07AB03
0,2569,ATENOLOL,2569,29122687,150568,ATENOLOL DRANK  1MG/ML,C07AB03
0,2569,ATENOLOL,2569,29122687,151653,ATENOLOL SUSP ORAAL 1MG/ML,C07AB03
0,2569,ATENOLOL,2569,29122687,152102,ATENOLOL DRANK 10MG/ML,C07AB03
0,2577,METOPROLOL TARTRAAT,44458,56392177,10642,METOPROLOL TABLET   50MG,C07AB02
0,2577,METOPROLOL TARTRAAT,44458,56392177,17175,METOPROLOL TABLET  100MG,C07AB02
0,2577,METOPROLOL TARTRAAT,44458,56392177,20141,METOPROLOL TABLET MGA 200MG (TARTRAAT),C07AB02
0,2577,METOPROLOL TARTRAAT,44458,56392177,38067,METOPROLOL INJVLST 1MG/ML,C07AB02
0,2577,METOPROLOL TARTRAAT,44458,56392177,85847,METOPROLOL TARTRAAT,C07AB02
0,2577,METOPROLOL TARTRAAT,44458,56392177,135852,METOPROLOL CAPSULE  1MG,C07AB02
0,2577,METOPROLOL TARTRAAT,44458,56392177,135860,METOPROLOL CAPSULE  2MG,C07AB02
0,2577,METOPROLOL TARTRAAT,44458,56392177,135879,"METOPROLOL CAPSULE 12,5MG",C07AB02
0,2577,METOPROLOL TARTRAAT,44458,56392177,143219,"METOPROLOL TABLET   12,5MG",C07AB02
0,2577,METOPROLOL TARTRAAT,44458,56392177,158089,METOPROLOL INJECTIE/INFUUS,C07AB02
0,2577,METOPROLOL TARTRAAT,44458,56392177,164011,METOPROLOL ZETPIL 25MG,C07AB02
0,2577,METOPROLOL TARTRAAT,44458,56392177,164038,METOPROLOL ZETPIL 50MG,C07AB02
0,2577,METOPROLOL TARTRAAT,44458,56392177,170089,METOPROLOL SUSP ORAAL 10MG/ML,C07AB02
0,2577,METOPROLOL TARTRAAT,44458,56392177,182974,METOPROLOL INFVLST 1MG/ML,C07AB02
0,2615,SOTALOL HYDROCHLORIDE,48208,959240,10111,SOTALOL TABLET  80MG,C07AA07
0,2615,SOTALOL HYDROCHLORIDE,48208,959240,36633,SOTALOL TABLET 160MG,C07AA07
0,2615,SOTALOL HYDROCHLORIDE,48208,959240,65900,SOTALOL INJVLST 10MG/ML,C07AA07
0,2615,SOTALOL HYDROCHLORIDE,48208,959240,117358,SOTALOL HYDROCHLORIDE,C07AA07
0,2615,SOTALOL HYDROCHLORIDE,48208,959240,127868,SOTALOL TABLET  40MG,C07AA07
0,2615,SOTALOL HYDROCHLORIDE,48208,959240,150525,SOTALOL DRANK 5MG/ML,C07AA07
0,2712,CLONIDINE HYDROCHLORIDE,38857,4205918,5533,"CLONIDINE INJVLST 0,15MG/ML",C02AC01
0,2712,CLONIDINE HYDROCHLORIDE,38857,4205918,9318,"CLONIDINE DRAGEE 0,025MG",N02CX02
0,2712,CLONIDINE HYDROCHLORIDE,38857,4205918,13439,"CLONIDINE TABLET 0,15MG",C02AC01
0,2712,CLONIDINE HYDROCHLORIDE,38857,4205918,78514,"CLONIDINE TABLET 0,025MG",N02CX02
0,2712,CLONIDINE HYDROCHLORIDE,38857,4205918,94609,CLONIDINE HYDROCHLORIDE,C02AC01
0,2712,CLONIDINE HYDROCHLORIDE,38857,4205918,157031,CLONIDINE INJECTIE/INFUUS,C02AC01
0,2712,CLONIDINE HYDROCHLORIDE,38857,4205918,161500,CLONIDINE INFOPL CONC 1MG/ML,C02AC01
0,2712,CLONIDINE HYDROCHLORIDE,38857,4205918,167541,"CLONIDINE DRANK 0,05MG/ML",C02AC01
0,2712,CLONIDINE HYDROCHLORIDE,38857,4205918,168335,"CLONIDINE INFVLST 0,01MG/ML",C02AC01
0,2712,CLONIDINE HYDROCHLORIDE,38857,4205918,175730,"CLONIDINE INJVLST 0,6MG/ML",C02AC01
0,2712,CLONIDINE HYDROCHLORIDE,38857,4205918,181706,"CLONIDINE SUSP ORAAL 0,005MG/ML",C02AC01
0,4537,DISOPYRAMIDE FOSFAAT,4529,22059605,38032,DISOPYRAMIDE TABLET MGA 250MG,C01BA03
0,4588,KINIDINE SULFAAT-2-WATER,42684,6591635,22985,KINIDINE DRAGEE 200MG,C01BA01
0,4588,KINIDINE SULFAAT-2-WATER,42684,6591635,25917,KINIDINE,C01BA01
0,4588,KINIDINE SULFAAT-2-WATER,42684,6591635,176419,KINIDINE CAPSULE 10MG,C01BA01
3,4588,KINIDINE SULFAAT-2-WATER,42684,6591635,185965,KINIDINE TABLET 200MG,C01BA01
0,5053,FLUCLOXACILLIN NATRIUM-1-WATER,40991,34214512,8583,FLUCLOXACILLINE CAPSULE 250MG,J01CF05
0,5053,FLUCLOXACILLIN NATRIUM-1-WATER,40991,34214512,15466,FLUCLOXACILLINE CAPSULE 500MG,J01CF05
0,5053,FLUCLOXACILLIN NATRIUM-1-WATER,40991,34214512,15474,FLUCLOXACILLINE PDR V INJVLST  250MG,J01CF05
0,5053,FLUCLOXACILLIN NATRIUM-1-WATER,40991,34214512,15482,FLUCLOXACILLINE PDR V INJVLST  500MG,J01CF05
0,5053,FLUCLOXACILLIN NATRIUM-1-WATER,40991,34214512,15490,FLUCLOXACILLINE PDR V INJVLST 1000MG,J01CF05
0,5053,FLUCLOXACILLIN NATRIUM-1-WATER,40991,34214512,147036,FLUCLOXACILLINE PDR INJ/INFOPL 2000MG,J01CF05
0,5053,FLUCLOXACILLIN NATRIUM-1-WATER,40991,34214512,153265,FLUCLOXACILLINE INFVLST  48MG/ML,J01CF05
0,5053,FLUCLOXACILLIN NATRIUM-1-WATER,40991,34214512,153273,FLUCLOXACILLINE INFVLST  60MG/ML,J01CF05
0,5053,FLUCLOXACILLIN NATRIUM-1-WATER,40991,34214512,153346,FLUCLOXACILLINE INFVLST  24MG/ML,J01CF05
0,5053,FLUCLOXACILLIN NATRIUM-1-WATER,40991,34214512,157694,FLUCLOXACILLINE INJECTIE/INFUUS,J01CF05
0,5053,FLUCLOXACILLIN NATRIUM-1-WATER,40991,34214512,159921,"FLUCLOXACILLINE INFVLST  33,333MG/ML",J01CF05
0,5053,FLUCLOXACILLIN NATRIUM-1-WATER,40991,34214512,159948,FLUCLOXACILLINE INFVLST  30MG/ML,J01CF05
0,5053,FLUCLOXACILLIN NATRIUM-1-WATER,40991,34214512,163708,FLUCLOXACILLINE INFVLST  32MG/ML,J01CF05
0,5053,FLUCLOXACILLIN NATRIUM-1-WATER,40991,34214512,163716,FLUCLOXACILLINE INFVLST  40MG/ML,J01CF05
0,5053,FLUCLOXACILLIN NATRIUM-1-WATER,40991,34214512,168602,FLUCLOXACILLINE INFVLST 120MG/ML,J01CF05
0,5053,FLUCLOXACILLIN NATRIUM-1-WATER,40991,34214512,169390,FLUCLOXACILLINE INFVLST  16MG/ML,J01CF05
0,5053,FLUCLOXACILLIN NATRIUM-1-WATER,40991,34214512,174300,FLUCLOXACILLINE INFVLST  50MG/ML,J01CF05
0,5053,FLUCLOXACILLIN NATRIUM-1-WATER,40991,34214512,174319,FLUCLOXACILLINE INFVLST 100MG/ML,J01CF05
0,5053,FLUCLOXACILLIN NATRIUM-1-WATER,40991,34214512,179388,"FLUCLOXACILLINE INFVLST  41,7MG/ML",J01CF05
0,5053,FLUCLOXACILLIN NATRIUM-1-WATER,40991,34214512,179396,FLUCLOXACILLINE INFVLST  25MG/ML,J01CF05
0,5053,FLUCLOXACILLIN NATRIUM-1-WATER,40991,34214512,179841,FLUCLOXACILLINE INFVLST  36MG/ML,J01CF05
0,5053,FLUCLOXACILLIN NATRIUM-1-WATER,40991,34214512,181803,FLUCLOXACILLINE INFVLST  80MG/ML,J01CF05
0,5878,FLUCYTOSINE,5878,2022857,38938,FLUCYTOSINE INFVLST 10MG/ML,J02AX01
0,7706,AZATHIOPRINE,7706,446866,16292,AZATHIOPRINE TABLET  50MG,L04AX01
0,7706,AZATHIOPRINE,7706,446866,72117,AZATHIOPRINE TABLET  25MG,L04AX01
0,7706,AZATHIOPRINE,7706,446866,184675,AZATHIOPRINE SUSP ORAAL 10MG/ML,L04AX01
0,7706,AZATHIOPRINE,7706,446866,185345,"AZATHIOPRINE CAPSULE 37,5MG",L04AX01
0,7714,AZATHIOPRINE NATRIUM,7706,55774339,151270,AZATHIOPRINE INJECTIE,L04AX01
0,7722,MERCAPTOPURINE 1-WATER,44113,6112761,469,MERCAPTOPURINE TABLET 50MG (1-WATER),L01BB02
0,7722,MERCAPTOPURINE 1-WATER,44113,6112761,45802,MERCAPTOPURINE,L01BB02
0,7722,MERCAPTOPURINE 1-WATER,44113,6112761,140929,MERCAPTOPURINE SUSP ORAAL 20MG/ML (ALS 1-WATER),L01BB02
0,7722,MERCAPTOPURINE 1-WATER,44113,6112761,164496,MERCAPTOPURINE SUSP ORAAL 10MG/ML (1-WATER),L01BB02
0,7722,MERCAPTOPURINE 1-WATER,44113,6112761,178012,MERCAPTOPURINE CAPSULE 15MG (1-WATER),L01BB02
0,7722,MERCAPTOPURINE 1-WATER,44113,6112761,178020,MERCAPTOPURINE CAPSULE 20MG (1-WATER),L01BB02
0,7722,MERCAPTOPURINE 1-WATER,44113,6112761,178039,MERCAPTOPURINE CAPSULE 30MG (1-WATER),L01BB02
0,7722,MERCAPTOPURINE 1-WATER,44113,6112761,178047,MERCAPTOPURINE CAPSULE 40MG (1-WATER),L01BB02
0,7722,MERCAPTOPURINE 1-WATER,44113,6112761,178055,MERCAPTOPURINE CAPSULE 50MG (1-WATER),L01BB02
0,7722,MERCAPTOPURINE 1-WATER,44113,6112761,178063,MERCAPTOPURINE SUSP ORAAL 15MG/ML (1-WATER),L01BB02
0,7722,MERCAPTOPURINE 1-WATER,44113,6112761,178071,MERCAPTOPURINE SUSP ORAAL 25MG/ML (1-WATER),L01BB02
0,7722,MERCAPTOPURINE 1-WATER,44113,6112761,178098,MERCAPTOPURINE SUSP ORAAL 50MG/ML (1-WATER),L01BB02
0,7722,MERCAPTOPURINE 1-WATER,44113,6112761,181277,MERCAPTOPURINE TABLET 10MG (1-WATER),L01BB02
0,7749,FLUOROURACIL,7749,51218,9326,FLUOROURACIL CREME 50MG/G,L01BC02
0,7757,TEGAFUR,7757,17902237,140317,"TEGAFUR/GIMERACIL/OTERACIL CAPSULE 20/5,8/15,8MG",L01BC53
0,7757,TEGAFUR,7757,17902237,140325,"TEGAFUR/GIMERACIL/OTERACIL CAPSULE 15/4,35/11,8MG",L01BC53
0,8249,TOLBUTAMIDE,8249,64777,531,TOLBUTAMIDE TABLET  500MG,A10BB03
0,8249,TOLBUTAMIDE,8249,64777,12521,TOLBUTAMIDE TABLET 1000MG,A10BB03
0,8249,TOLBUTAMIDE,8249,64777,48488,TOLBUTAMIDE,A10BB03
0,8249,TOLBUTAMIDE,8249,64777,144231,TOLBUTAMIDE TABLET  250MG,A10BB03
0,8249,TOLBUTAMIDE,8249,64777,172847,TOLBUTAMIDE INJVLST 25MG/ML,V04CA01
0,9288,ORAL CONTRACEPTIVES WITH ESTROGENS,9318,979328,131334,ESTRADIOL/DIENOGEST TABLETTEN (QLAIRA),G03AB08
0,9342,ORAL CONTRACEPTIVES WITH ESTROGENS,9342,57636,10472,ETHINYLESTRADIOL/LEVONORGESTREL(TRINOR/TRIGYNON),G03AB03
0,9342,ORAL CONTRACEPTIVES WITH ESTROGENS,9342,57636,39578,ETHINYLESTRADIOL/DESOGESTREL TABLET 30/150UG,G03AA09
0,9342,ORAL CONTRACEPTIVES WITH ESTROGENS,9342,57636,74586,ETHINYLESTRADIOL/LEVONORGESTREL DRAGEE 30/125UG,G03AA07
0,9342,ORAL CONTRACEPTIVES WITH ESTROGENS,9342,57636,74594,ETHINYLESTRADIOL/LEVONORGESTREL DRAGEE 40/75UG,G03AA07
0,9342,ORAL CONTRACEPTIVES WITH ESTROGENS,9342,57636,74608,ETHINYLESTRADIOL/LEVONORGESTREL DRAGEE 30/ 50UG,G03AA07
0,9342,ORAL CONTRACEPTIVES WITH ESTROGENS,9342,57636,78328,ETHINYLESTRADIOL/DESOGESTREL TABLET 20/150UG,G03AA09
0,9342,ORAL CONTRACEPTIVES WITH ESTROGENS,9342,57636,81639,"ETHINYLESTRADIOL/NORGESTIMAAT TABLET 35UG/0,25MG",G03AA11
0,9342,ORAL CONTRACEPTIVES WITH ESTROGENS,9342,57636,97497,ETHINYLESTRADIOL/GESTODEEN TABLET 20/75UG,G03AA10
0,9342,ORAL CONTRACEPTIVES WITH ESTROGENS,9342,57636,100374,CYPROTERON/ETHINYLESTRADIOL TABLET OMHULD 2MG/35UG,G03HB01
0,9342,ORAL CONTRACEPTIVES WITH ESTROGENS,9342,57636,110922,ETHINYLESTRADIOL/DROSPIRENON TAB 30UG/3MG,G03AA12
0,9342,ORAL CONTRACEPTIVES WITH ESTROGENS,9342,57636,120049,"ETHINYLESTRA/ETONO RING 15/120MCG/24U (2,7/11,7MG)",G02BB01
0,9342,ORAL CONTRACEPTIVES WITH ESTROGENS,9342,57636,121711,ETHINYLESTRADIOL/NORELGESTROMIN PLEISTER 600UG/6MG,G03AA13
0,9342,ORAL CONTRACEPTIVES WITH ESTROGENS,9342,57636,125261,ETHINYLESTRADIOL/DROSPIRENON TAB 20UG/3MG,G03AA12
0,9342,ORAL CONTRACEPTIVES WITH ESTROGENS,9342,57636,127205,ETHINYLESTRADIOL/GESTODEEN TABLET 30/75UG,G03AA10
0,9342,ORAL CONTRACEPTIVES WITH ESTROGENS,9342,57636,127280,ETHINYLESTRADIOL/LEVONORGESTREL TABLET 30/150UG,G03AA07
0,9342,ORAL CONTRACEPTIVES WITH ESTROGENS,9342,57636,127299,ETHINYLESTRADIOL/LEVONORGESTREL TABLET 50/125UG,G03AA07
0,9342,ORAL CONTRACEPTIVES WITH ESTROGENS,9342,57636,127302,ETHINYLESTRADIOL/LEVONORGESTREL TABLET 20/100UG,G03AA07
0,9342,ORAL CONTRACEPTIVES WITH ESTROGENS,9342,57636,160547,ETHINYLESTRADIOL/LEVONORGESTREL TABL (SEASONIQUE),G03AA07
0,9342,ORAL CONTRACEPTIVES WITH ESTROGENS,9342,57636,172723,"ETHINYLESTRA/ETONO RING 15/120MCG/24U (3,5/11,0MG)",G02BB01
0,9393,TAMOXIFEN CITRAAT,48534,54965241,10413,TAMOXIFEN TABLET 10MG,L02BA01
0,9393,TAMOXIFEN CITRAAT,48534,54965241,43222,TAMOXIFEN TABLET 20MG,L02BA01
0,9393,TAMOXIFEN CITRAAT,48534,54965241,65889,TAMOXIFEN TABLET 40MG,L02BA01
0,9423,ORAL CONTRACEPTIVES WITH ESTROGENS,39195,427510,100374,CYPROTERON/ETHINYLESTRADIOL TABLET OMHULD 2MG/35UG,G03HB01
0,12300,GLIBENCLAMIDE,12300,10238218,2321,GLIBENCLAMIDE TABLET 5MG,A10BB01
0,12300,GLIBENCLAMIDE,12300,10238218,115614,METFORMINE/GLIBENCLAMIDE TABLET FO 500/5MG,A10BD02
0,12300,GLIBENCLAMIDE,12300,10238218,115622,"METFORMINE/GLIBENCLAMIDE TABLET FO 500/2,5MG",A10BD02
0,12327,GLICLAZIDE,12327,21187984,10340,GLICLAZIDE TABLET MGA 80MG,A10BB09
0,12327,GLICLAZIDE,12327,21187984,115398,GLICLAZIDE TABLET MGA 30MG,A10BB09
0,12327,GLICLAZIDE,12327,21187984,168742,GLICLAZIDE TABLET MGA 60MG,A10BB09
0,14338,ZUCLOPENTHIXOL DECANOAAT,38865,64053005,20451,ZUCLOPENTIXOL INJVLST 200MG/ML,N05AF05
0,14338,ZUCLOPENTHIXOL DECANOAAT,38865,64053005,73660,ZUCLOPENTIXOL INJVLST 500MG/ML,N05AF05
0,14354,FLUPENTIXOL DIHYDROCHLORIDE,41092,2413389,145793,FLUPENTIXOL TABLET 1MG,N05AF01
0,14354,FLUPENTIXOL DIHYDROCHLORIDE,41092,2413389,147389,FLUPENTIXOL TABLET 5MG,N05AF01
0,14354,FLUPENTIXOL DIHYDROCHLORIDE,41092,2413389,148407,"FLUPENTIXOL TABLET 0,5MG",N05AF01
0,14362,FLUPENTIXOL DECANOAAT,41092,30909514,8168,FLUPENTIXOL INJVLST  20MG/ML,N05AF01
0,14362,FLUPENTIXOL DECANOAAT,41092,30909514,36862,FLUPENTIXOL INJVLST 100MG/ML,N05AF01
0,14427,HALOPERIDOL,14427,52868,3921,HALOPERIDOL INJVLST   5MG/ML,N05AD01
0,14427,HALOPERIDOL,14427,52868,16012,HALOPERIDOL TABLET  1MG,N05AD01
0,14427,HALOPERIDOL,14427,52868,16020,HALOPERIDOL TABLET  5MG,N05AD01
0,14427,HALOPERIDOL,14427,52868,40088,HALOPERIDOL TABLET 10MG,N05AD01
0,14427,HALOPERIDOL,14427,52868,49832,HALOPERIDOL,N05AD01
0,14427,HALOPERIDOL,14427,52868,157724,HALOPERIDOL INJECTIE/INFUUS,N05AD01
0,14427,HALOPERIDOL,14427,52868,158666,"HALOPERIDOL TABLET  2,5MG",N05AD01
0,14427,HALOPERIDOL,14427,52868,168416,"HALOPERIDOL INJVLST   0,5MG/ML",N05AD01
0,14427,HALOPERIDOL,14427,52868,173223,"HALOPERIDOL TABLET  0,25MG",N05AD01
0,14427,HALOPERIDOL,14427,52868,174912,HALOPERIDOL DRANK 2MG/ML,N05AD01
0,14508,PIMOZIDE,14508,2062784,9180,PIMOZIDE TABLET 1MG,N05AG02
0,14508,PIMOZIDE,14508,2062784,18554,PIMOZIDE TABLET 4MG,N05AG02
0,14508,PIMOZIDE,14508,2062784,93114,PIMOZIDE,N05AG02
0,14664,AMITRIPTYLINE HYDROCHLORIDE,36722,549188,21687,AMITRIPTYLINE HCL TABLET 10MG,N06AA09
0,14664,AMITRIPTYLINE HYDROCHLORIDE,36722,549188,21695,AMITRIPTYLINE HCL TABLET 25MG,N06AA09
0,14664,AMITRIPTYLINE HYDROCHLORIDE,36722,549188,21709,AMITRIPTYLINE TABLET 50MG (HCL),N06AA09
0,14664,AMITRIPTYLINE HYDROCHLORIDE,36722,549188,40428,AMITRIPTYLINE HYDROCHLORIDE,N06AA09
0,14664,AMITRIPTYLINE HYDROCHLORIDE,36722,549188,49581,"AMITRIPTYLINE TABLET 10MG (11,3MG AMITRIPT. HCL)",N06AA09
0,14664,AMITRIPTYLINE HYDROCHLORIDE,36722,549188,49603,"AMITRIPTYLINE TABLET 25MG (28,3MG AMITRIPT. HCL)",N06AA09
0,14664,AMITRIPTYLINE HYDROCHLORIDE,36722,549188,165689,"AMITRIPTYLINE TABLET 50MG (56,6MG AMITRIPT. HCL)",N06AA09
0,14664,AMITRIPTYLINE HYDROCHLORIDE,36722,549188,181331,AMITRIPTYLINE HCL SUSP ORAAL 5MG/ML,N06AA09
0,14699,CLOMIPRAMINE HYDROCHLORIDE,38849,17321776,44105,CLOMIPRAMINE TABLET MGA 75MG,N06AA04
0,14699,CLOMIPRAMINE HYDROCHLORIDE,38849,17321776,76015,CLOMIPRAMINE HYDROCHLORIDE,N06AA04
0,14699,CLOMIPRAMINE HYDROCHLORIDE,38849,17321776,101877,CLOMIPRAMINE TABLET OMHULD 10MG,N06AA04
0,14699,CLOMIPRAMINE HYDROCHLORIDE,38849,17321776,101885,CLOMIPRAMINE TABLET OMHULD 25MG,N06AA04
0,14745,DOXEPIN HYDROCHLORIDE,40045,1229294,20265,DOXEPINE CAPSULE  25MG,N06AA12
0,14745,DOXEPIN HYDROCHLORIDE,40045,1229294,179507,DOXEPINE TABLET  3MG,N06AA12
0,14745,DOXEPIN HYDROCHLORIDE,40045,1229294,182443,DOXEPINE TABLET 10MG,N06AA12
0,14745,DOXEPIN HYDROCHLORIDE,40045,1229294,184500,DOXEPINE CAPSULE   5MG,N06AA12
0,14745,DOXEPIN HYDROCHLORIDE,40045,1229294,184837,DOXEPINE CAPSULE  25MG (HCL),N06AA12
0,14753,IMIPRAMINE HYDROCHLORIDE,41955,113520,21318,IMIPRAMINE DRAGEE 25MG,N06AA02
0,14753,IMIPRAMINE HYDROCHLORIDE,41955,113520,28215,IMIPRAMINE HYDROCHLORIDE,N06AA02
0,14788,NORTRIPTYLINE HYDROCHLORIDE,45268,894713,67008,NORTRIPTYLINE TABLET 50MG,N06AA10
0,14788,NORTRIPTYLINE HYDROCHLORIDE,45268,894713,67016,NORTRIPTYLINE TABLET 25MG,N06AA10
0,14788,NORTRIPTYLINE HYDROCHLORIDE,45268,894713,73709,NORTRIPTYLINE TABLET 10MG,N06AA10
0,14788,NORTRIPTYLINE HYDROCHLORIDE,45268,894713,76392,NORTRIPTYLINE HYDROCHLORIDE,N06AA10
0,14907,METHYLPHENIDATE HYDROCHLORIDE,44342,298599,8354,METHYLFENIDAAT TABLET 10MG,N06BA04
0,14907,METHYLPHENIDATE HYDROCHLORIDE,44342,298599,116734,METHYLFENIDAAT TABLET MGA 18MG,N06BA04
0,14907,METHYLPHENIDATE HYDROCHLORIDE,44342,298599,116742,METHYLFENIDAAT TABLET MGA 36MG,N06BA04
0,14907,METHYLPHENIDATE HYDROCHLORIDE,44342,298599,117560,METHYLFENIDAAT TABLET MGA 54MG,N06BA04
0,14907,METHYLPHENIDATE HYDROCHLORIDE,44342,298599,117641,METHYLFENIDAAT HYDROCHLORIDE,N06BA04
0,14907,METHYLPHENIDATE HYDROCHLORIDE,44342,298599,123668,METHYLFENIDAAT TABLET  5MG,N06BA04
0,14907,METHYLPHENIDATE HYDROCHLORIDE,44342,298599,126489,METHYLFENIDAAT CAPSULE MGA 10MG,N06BA04
0,14907,METHYLPHENIDATE HYDROCHLORIDE,44342,298599,126497,METHYLFENIDAAT CAPSULE MGA 20MG,N06BA04
0,14907,METHYLPHENIDATE HYDROCHLORIDE,44342,298599,126500,METHYLFENIDAAT CAPSULE MGA 30MG,N06BA04
0,14907,METHYLPHENIDATE HYDROCHLORIDE,44342,298599,127086,METHYLFENIDAAT CAPSULE MGA 40MG,N06BA04
0,14907,METHYLPHENIDATE HYDROCHLORIDE,44342,298599,127264,METHYLFENIDAAT TABLET 20MG,N06BA04
0,14907,METHYLPHENIDATE HYDROCHLORIDE,44342,298599,129798,METHYLFENIDAAT TABLET MGA 27MG,N06BA04
0,14907,METHYLPHENIDATE HYDROCHLORIDE,44342,298599,130354,METHYLFENIDAAT CAPSULE MGA  5MG,N06BA04
0,14907,METHYLPHENIDATE HYDROCHLORIDE,44342,298599,141739,METHYLFENIDAAT TABLET MGA 10MG (BASE),N06BA04
0,14907,METHYLPHENIDATE HYDROCHLORIDE,44342,298599,141836,METHYLFENIDAAT CAPSULE MGA 50MG,N06BA04
0,14907,METHYLPHENIDATE HYDROCHLORIDE,44342,298599,144932,"METHYLFENIDAAT CAPSULE   2,5MG",N06BA04
0,14907,METHYLPHENIDATE HYDROCHLORIDE,44342,298599,145106,"METHYLFENIDAAT TABLET  2,5MG",N06BA04
0,14907,METHYLPHENIDATE HYDROCHLORIDE,44342,298599,145114,"METHYLFENIDAAT TABLET  7,5MG",N06BA04
0,14907,METHYLPHENIDATE HYDROCHLORIDE,44342,298599,145130,METHYLFENIDAAT TABLET 15MG,N06BA04
0,14907,METHYLPHENIDATE HYDROCHLORIDE,44342,298599,145149,METHYLFENIDAAT TABLET TESTKIT,N06BA04
0,14907,METHYLPHENIDATE HYDROCHLORIDE,44342,298599,145637,METHYLFENIDAAT TABLET MGA  5MG (BASE),N06BA04
0,14907,METHYLPHENIDATE HYDROCHLORIDE,44342,298599,145645,METHYLFENIDAAT TABLET MGA 15MG (BASE),N06BA04
0,14907,METHYLPHENIDATE HYDROCHLORIDE,44342,298599,145653,METHYLFENIDAAT TABLET MGA 20MG (BASE),N06BA04
0,14907,METHYLPHENIDATE HYDROCHLORIDE,44342,298599,145661,METHYLFENIDAAT TABLET MGA 25MG (BASE),N06BA04
0,14907,METHYLPHENIDATE HYDROCHLORIDE,44342,298599,145688,METHYLFENIDAAT TABLET MGA 30MG (BASE),N06BA04
0,14907,METHYLPHENIDATE HYDROCHLORIDE,44342,298599,145696,METHYLFENIDAAT TABLET MGA 35MG (BASE),N06BA04
0,14907,METHYLPHENIDATE HYDROCHLORIDE,44342,298599,145718,METHYLFENIDAAT TABLET MGA 40MG (BASE),N06BA04
0,14907,METHYLPHENIDATE HYDROCHLORIDE,44342,298599,145726,METHYLFENIDAAT TABLET MGA 45MG (BASE),N06BA04
0,14907,METHYLPHENIDATE HYDROCHLORIDE,44342,298599,145734,METHYLFENIDAAT TABLET MGA 50MG (BASE),N06BA04
0,14907,METHYLPHENIDATE HYDROCHLORIDE,44342,298599,151734,METHYLFENIDAAT CAPSULE MGA 60MG,N06BA04
0,14907,METHYLPHENIDATE HYDROCHLORIDE,44342,298599,153753,"METHYLFENIDAAT TABLET MGA  2,5MG (BASE)",N06BA04
0,14907,METHYLPHENIDATE HYDROCHLORIDE,44342,298599,153761,"METHYLFENIDAAT TABLET MGA  7,5MG  (BASE)",N06BA04
0,14907,METHYLPHENIDATE HYDROCHLORIDE,44342,298599,153788,"METHYLFENIDAAT TABLET MGA 12,5MG (BASE)",N06BA04
0,14907,METHYLPHENIDATE HYDROCHLORIDE,44342,298599,153796,"METHYLFENIDAAT TABLET MGA 17,5MG (BASE)",N06BA04
0,14907,METHYLPHENIDATE HYDROCHLORIDE,44342,298599,153826,"METHYLFENIDAAT TABLET MGA 22,5MG (BASE)",N06BA04
0,14907,METHYLPHENIDATE HYDROCHLORIDE,44342,298599,153834,"METHYLFENIDAAT TABLET MGA 27,5MG (BASE)",N06BA04
0,15571,AMIODARONE HYDROCHLORIDE,36714,19774824,5886,AMIODARON TABLET 200MG,C01BD01
0,15571,AMIODARONE HYDROCHLORIDE,36714,19774824,65366,AMIODARON INJVLST 50MG/ML,C01BD01
0,15571,AMIODARONE HYDROCHLORIDE,36714,19774824,142204,AMIODARON HYDROCHLORIDE,C01BD01
0,15571,AMIODARONE HYDROCHLORIDE,36714,19774824,154687,AMIODARON INFUUS,C01BD01
0,15571,AMIODARONE HYDROCHLORIDE,36714,19774824,176184,AMIODARON TABLET  10MG,C01BD01
0,15571,AMIODARONE HYDROCHLORIDE,36714,19774824,178624,AMIODARON TABLET  50MG,C01BD01
0,15571,AMIODARONE HYDROCHLORIDE,36714,19774824,180084,"AMIODARON INJVLST 12,5MG/ML",C01BD01
0,15571,AMIODARONE HYDROCHLORIDE,36714,19774824,181544,AMIODARON INJVLST 25MG/ML,C01BD01
0,15571,AMIODARONE HYDROCHLORIDE,36714,19774824,181560,AMIODARON INJVLST 12MG/ML,C01BD01
0,23647,CODEINE DIWATERSTOFFOSFAAT-0.5-WATER,38938,41444626,23086,CODEINE TABLET 10MG,R05DA04
0,23647,CODEINE DIWATERSTOFFOSFAAT-0.5-WATER,38938,41444626,23094,CODEINE TABLET 20MG,R05DA04
0,23647,CODEINE DIWATERSTOFFOSFAAT-0.5-WATER,38938,41444626,26247,"CODEINE DIWATERSTOFFOSFAAT 0,5-WATER",R05DA04
0,23647,CODEINE DIWATERSTOFFOSFAAT-0.5-WATER,38938,41444626,42188,CODEINE TABLET 15MG,R05DA04
0,23647,CODEINE DIWATERSTOFFOSFAAT-0.5-WATER,38938,41444626,43982,PARACETAMOL/CODEINE ZETPIL  250/5MG,N02AJ06
0,23647,CODEINE DIWATERSTOFFOSFAAT-0.5-WATER,38938,41444626,43990,PARACETAMOL/CODEINE ZETPIL  500/10MG,N02AJ06
0,23647,CODEINE DIWATERSTOFFOSFAAT-0.5-WATER,38938,41444626,52957,PARACETAMOL/CODEINE TABLET 500/10MG,N02AJ06
0,23647,CODEINE DIWATERSTOFFOSFAAT-0.5-WATER,38938,41444626,81132,PARACETAMOL/CODEINE TABLET 500/20MG,N02AJ06
0,23647,CODEINE DIWATERSTOFFOSFAAT-0.5-WATER,38938,41444626,82600,PARACETAMOL/CODEINE ZETPIL 1000/20MG,N02AJ06
0,23647,CODEINE DIWATERSTOFFOSFAAT-0.5-WATER,38938,41444626,99023,PARACETAMOL/CODEINE ZETPIL 1000/60MG,N02AJ06
0,23647,CODEINE DIWATERSTOFFOSFAAT-0.5-WATER,38938,41444626,100250,"CODEINE STROOP 0,5MG/ML",R05DA04
0,23647,CODEINE DIWATERSTOFFOSFAAT-0.5-WATER,38938,41444626,115843,PARACETAMOL/CODEINE ZETPIL  500/40MG,N02AJ06
0,23647,CODEINE DIWATERSTOFFOSFAAT-0.5-WATER,38938,41444626,144878,PARACETAMOL/CODEINE ZETPIL  500/20MG,N02AJ06
0,23647,CODEINE DIWATERSTOFFOSFAAT-0.5-WATER,38938,41444626,144886,PARACETAMOL/CODEINE ZETPIL 1000/10MG,N02AJ06
0,23647,CODEINE DIWATERSTOFFOSFAAT-0.5-WATER,38938,41444626,180254,CODEINE TABLET 30MG,R05DA04
0,26506,ORAL CONTRACEPTIVES WITH ESTROGENS,26506,797637,10472,ETHINYLESTRADIOL/LEVONORGESTREL(TRINOR/TRIGYNON),G03AB03
0,26506,ORAL CONTRACEPTIVES WITH ESTROGENS,26506,797637,74586,ETHINYLESTRADIOL/LEVONORGESTREL DRAGEE 30/125UG,G03AA07
0,26506,ORAL CONTRACEPTIVES WITH ESTROGENS,26506,797637,74594,ETHINYLESTRADIOL/LEVONORGESTREL DRAGEE 40/75UG,G03AA07
0,26506,ORAL CONTRACEPTIVES WITH ESTROGENS,26506,797637,74608,ETHINYLESTRADIOL/LEVONORGESTREL DRAGEE 30/ 50UG,G03AA07
0,26506,ORAL CONTRACEPTIVES WITH ESTROGENS,26506,797637,127280,ETHINYLESTRADIOL/LEVONORGESTREL TABLET 30/150UG,G03AA07
0,26506,ORAL CONTRACEPTIVES WITH ESTROGENS,26506,797637,127299,ETHINYLESTRADIOL/LEVONORGESTREL TABLET 50/125UG,G03AA07
0,26506,ORAL CONTRACEPTIVES WITH ESTROGENS,26506,797637,127302,ETHINYLESTRADIOL/LEVONORGESTREL TABLET 20/100UG,G03AA07
0,26506,ORAL CONTRACEPTIVES WITH ESTROGENS,26506,797637,160547,ETHINYLESTRADIOL/LEVONORGESTREL TABL (SEASONIQUE),G03AA07
0,30333,ORAL CONTRACEPTIVES WITH ESTROGENS,30333,54024225,39578,ETHINYLESTRADIOL/DESOGESTREL TABLET 30/150UG,G03AA09
0,30333,ORAL CONTRACEPTIVES WITH ESTROGENS,30333,54024225,78328,ETHINYLESTRADIOL/DESOGESTREL TABLET 20/150UG,G03AA09
0,30767,HALOPERIDOL DECANOAAT,14427,74050978,40150,HALOPERIDOL INJVLST  50MG/ML DECANOAAT,N05AD01
0,30767,HALOPERIDOL DECANOAAT,14427,74050978,43370,HALOPERIDOL INJVLST 100MG/ML DECANOAAT,N05AD01
0,32883,ZUCLOPENTHIXOL DIHYDROCHLORIDE,38865,633590,66621,ZUCLOPENTIXOL DRUPPELS 20MG/ML,N05AF05
0,32883,ZUCLOPENTHIXOL DIHYDROCHLORIDE,38865,633590,66974,ZUCLOPENTIXOL TABLET  2MG,N05AF05
0,32883,ZUCLOPENTHIXOL DIHYDROCHLORIDE,38865,633590,66982,ZUCLOPENTIXOL TABLET 10MG,N05AF05
0,32883,ZUCLOPENTHIXOL DIHYDROCHLORIDE,38865,633590,66990,ZUCLOPENTIXOL TABLET 25MG,N05AF05
0,34622,OMEPRAZOLE,34622,73590586,114529,OMEPRAZOL CAPSULE MSR 20MG,A02BC01
0,34622,OMEPRAZOLE,34622,73590586,115142,OMEPRAZOL CAPSULE MSR 10MG,A02BC01
0,34622,OMEPRAZOLE,34622,73590586,115150,OMEPRAZOL CAPSULE MSR 40MG,A02BC01
0,34622,OMEPRAZOLE,34622,73590586,125873,OMEPRAZOL,A02BC01
0,34622,OMEPRAZOLE,34622,73590586,141372,OMEPRAZOL SUSP ORAAL 2MG/ML,A02BC01
0,41017,FLECAINIDE ACETAAT,31291,54143565,48135,FLECAINIDE TABLET 100MG,C01BC04
0,41017,FLECAINIDE ACETAAT,31291,54143565,50482,FLECAINIDE INJVLST 10MG/ML,C01BC04
0,41017,FLECAINIDE ACETAAT,31291,54143565,91502,FLECAINIDE TABLET  50MG,C01BC04
0,41017,FLECAINIDE ACETAAT,31291,54143565,116149,FLECAINIDE CAPSULE MGA 100MG,C01BC04
0,41017,FLECAINIDE ACETAAT,31291,54143565,116157,FLECAINIDE CAPSULE MGA 150MG,C01BC04
0,41017,FLECAINIDE ACETAAT,31291,54143565,116165,FLECAINIDE CAPSULE MGA 200MG,C01BC04
0,41017,FLECAINIDE ACETAAT,31291,54143565,118591,FLECAINIDE CAPSULE MGA  50MG,C01BC04
0,41017,FLECAINIDE ACETAAT,31291,54143565,157570,FLECAINIDE INJECTIE/INFUUS,C01BC04
0,41084,FLUOROURACIL NATRIUM,7749,0,15520,FLUOROURACIL INJVLST 50MG/ML,L01BC02
0,41084,FLUOROURACIL NATRIUM,7749,0,156094,FLUOROURACIL INJECTIE/INFUUS,L01BC02
0,49271,TIOGUANINE 0.5-WATER,50334,5580030,9881,TIOGUANINE TABLET 40MG,L01BB03
0,49271,TIOGUANINE 0.5-WATER,50334,5580030,185183,TIOGUANINE CAPSULE 15MG,L01BB03
0,50334,TIOGUANINE,50334,154427,141402,TIOGUANINE CAPSULE 21MG,L01BB03
0,50334,TIOGUANINE,50334,154427,149136,TIOGUANINE TABLET 10MG,L01BB03
0,50334,TIOGUANINE,50334,154427,149144,TIOGUANINE TABLET 20MG,L01BB03
0,50334,TIOGUANINE,50334,154427,151955,TIOGUANINE CAPSULE 16MG,L01BB03
0,50334,TIOGUANINE,50334,154427,151963,TIOGUANINE CAPSULE 18MG,L01BB03
0,50334,TIOGUANINE,50334,154427,151971,TIOGUANINE CAPSULE 24MG,L01BB03
0,50334,TIOGUANINE,50334,154427,151998,TIOGUANINE CAPSULE 28MG,L01BB03
0,51128,OXYCODONE HYDROCHLORIDE-0-WATER,45624,124903,111430,OXYCODON TABLET MGA  10MG,N02AA05
0,51128,OXYCODONE HYDROCHLORIDE-0-WATER,45624,124903,111449,OXYCODON TABLET MGA  20MG,N02AA05
0,51128,OXYCODONE HYDROCHLORIDE-0-WATER,45624,124903,111457,OXYCODON TABLET MGA  40MG,N02AA05
0,51128,OXYCODONE HYDROCHLORIDE-0-WATER,45624,124903,111465,OXYCODON TABLET MGA  80MG,N02AA05
0,51128,OXYCODONE HYDROCHLORIDE-0-WATER,45624,124903,115932,OXYCODON TABLET MGA   5MG,N02AA05
0,51128,OXYCODONE HYDROCHLORIDE-0-WATER,45624,124903,116882,OXYCODON CAPSULE 20MG,N02AA05
0,51128,OXYCODONE HYDROCHLORIDE-0-WATER,45624,124903,116890,OXYCODON CAPSULE 10MG,N02AA05
0,51128,OXYCODONE HYDROCHLORIDE-0-WATER,45624,124903,116904,OXYCODON CAPSULE  5MG,N02AA05
0,51128,OXYCODONE HYDROCHLORIDE-0-WATER,45624,124903,118648,OXYCODON DRANK 10MG/ML,N02AA05
0,51128,OXYCODONE HYDROCHLORIDE-0-WATER,45624,124903,119970,OXYCODON INJVLST 10MG/ML,N02AA05
0,51128,OXYCODONE HYDROCHLORIDE-0-WATER,45624,124903,130656,OXYCODON/NALOXON TABLET MGA 10/5MG,N02AA55
0,51128,OXYCODONE HYDROCHLORIDE-0-WATER,45624,124903,130664,OXYCODON/NALOXON TABLET MGA 20/10MG,N02AA55
0,51128,OXYCODONE HYDROCHLORIDE-0-WATER,45624,124903,131555,"OXYCODON/NALOXON TABLET MGA  5/2,5MG",N02AA55
0,51128,OXYCODONE HYDROCHLORIDE-0-WATER,45624,124903,131563,OXYCODON/NALOXON TABLET MGA 40/20MG,N02AA55
0,51128,OXYCODONE HYDROCHLORIDE-0-WATER,45624,124903,134244,OXYCODON TABLET MGA  15MG,N02AA05
0,51128,OXYCODONE HYDROCHLORIDE-0-WATER,45624,124903,134252,OXYCODON TABLET MGA  30MG,N02AA05
0,51128,OXYCODONE HYDROCHLORIDE-0-WATER,45624,124903,134260,OXYCODON TABLET MGA  60MG,N02AA05
0,51128,OXYCODONE HYDROCHLORIDE-0-WATER,45624,124903,134279,OXYCODON TABLET MGA 120MG,N02AA05
0,51128,OXYCODONE HYDROCHLORIDE-0-WATER,45624,124903,134317,OXYCODON SMELTTABLET  5MG,N02AA05
0,51128,OXYCODONE HYDROCHLORIDE-0-WATER,45624,124903,134333,OXYCODON SMELTTABLET 10MG,N02AA05
0,51128,OXYCODONE HYDROCHLORIDE-0-WATER,45624,124903,134368,OXYCODON SMELTTABLET 20MG,N02AA05
0,51128,OXYCODONE HYDROCHLORIDE-0-WATER,45624,124903,135690,OXYCODON INJVLST 50MG/ML,N02AA05
0,51128,OXYCODONE HYDROCHLORIDE-0-WATER,45624,124903,139742,OXYCODON TABLET   5MG,N02AA05
0,51128,OXYCODONE HYDROCHLORIDE-0-WATER,45624,124903,139750,OXYCODON TABLET  10MG,N02AA05
0,51128,OXYCODONE HYDROCHLORIDE-0-WATER,45624,124903,158453,OXYCODON INJECTIE/INFUUS,N02AA05
0,51128,OXYCODONE HYDROCHLORIDE-0-WATER,45624,124903,178780,OXYCODON INFVLST  5MG/ML,N02AA05
0,51128,OXYCODONE HYDROCHLORIDE-0-WATER,45624,124903,183334,OXYCODON INFVLST 10MG/ML,N02AA05
0,52825,KINIDINE SULFAAT-0-WATER,42684,50544,177105,KINIDINE/DEXTROMETHORFAN CAPSULE 10/20MG,N07XX59
0,52825,KINIDINE SULFAAT-0-WATER,42684,50544,182265,KINIDINE/DEXTROMETHORFAN TABLET 10/20MG,N07XX59
0,52825,KINIDINE SULFAAT-0-WATER,42684,50544,182826,KINIDINE/DEXTROMETHORFAN CAPSULE 10/30MG,N07XX59
0,52825,KINIDINE SULFAAT-0-WATER,42684,50544,185523,KINIDINE/DEXTROMETHORFAN TABLET 10/30MG,N07XX59
0,54038,FLUVOXAMINE WATERSTOFMALEAAT,54011,61718829,96091,FLUVOXAMINE TABLET   50MG,N06AB08
0,54038,FLUVOXAMINE WATERSTOFMALEAAT,54011,61718829,96105,FLUVOXAMINE TABLET  100MG,N06AB08
0,54038,FLUVOXAMINE WATERSTOFMALEAAT,54011,61718829,161128,FLUVOXAMINE WATERSTOFMALEAAT,N06AB08
0,54038,FLUVOXAMINE WATERSTOFMALEAAT,54011,61718829,176850,FLUVOXAMINE TABLET AFBOUW,N06AB08
0,54038,FLUVOXAMINE WATERSTOFMALEAAT,54011,61718829,181900,FLUVOXAMINE CAPSULE 20MG,N06AB08
0,54038,FLUVOXAMINE WATERSTOFMALEAAT,54011,61718829,181919,FLUVOXAMINE CAPSULE 30MG,N06AB08
0,54038,FLUVOXAMINE WATERSTOFMALEAAT,54011,61718829,182710,FLUVOXAMINE TABLET 5MG,N06AB08
0,54038,FLUVOXAMINE WATERSTOFMALEAAT,54011,61718829,184179,FLUVOXAMINE CAPSULE 10MG,N06AB08
0,54038,FLUVOXAMINE WATERSTOFMALEAAT,54011,61718829,184187,"FLUVOXAMINE CAPSULE  2,5MG",N06AB08
0,54364,PROPAFENONE HYDROCHLORIDE,34460,34183227,104655,PROPAFENON TABLET OMHULD 150MG,C01BC03
0,54364,PROPAFENONE HYDROCHLORIDE,34460,34183227,104663,PROPAFENON TABLET OMHULD 300MG,C01BC03
0,60054,ORAL CONTRACEPTIVES WITH ESTROGENS,60054,60282873,97497,ETHINYLESTRADIOL/GESTODEEN TABLET 20/75UG,G03AA10
0,60054,ORAL CONTRACEPTIVES WITH ESTROGENS,60054,60282873,127205,ETHINYLESTRADIOL/GESTODEEN TABLET 30/75UG,G03AA10
0,60747,CLOZAPINE,60747,5786210,66508,CLOZAPINE TABLET  25MG,N05AH02
0,60747,CLOZAPINE,60747,5786210,66516,CLOZAPINE TABLET 100MG,N05AH02
0,60747,CLOZAPINE,60747,5786210,88021,CLOZAPINE,N05AH02
0,60747,CLOZAPINE,60747,5786210,113689,CLOZAPINE TABLET  50MG,N05AH02
0,60747,CLOZAPINE,60747,5786210,128392,CLOZAPINE TABLET 200MG,N05AH02
0,60747,CLOZAPINE,60747,5786210,136700,CLOZAPINE DRANK 25MG/ML,N05AH02
0,60747,CLOZAPINE,60747,5786210,143901,"CLOZAPINE TABLET   6,25MG",N05AH02
0,60747,CLOZAPINE,60747,5786210,149721,CLOZAPINE INJVLST 25MG/ML,N05AH02
0,60747,CLOZAPINE,60747,5786210,152935,CLOZAPINE SUSP ORAAL 20MG/ML,N05AH02
0,60747,CLOZAPINE,60747,5786210,160725,"CLOZAPINE DRANK  6,25MG/ML",N05AH02
0,60747,CLOZAPINE,60747,5786210,180351,CLOZAPINE SUSP ORAAL 25MG/ML,N05AH02
0,60747,CLOZAPINE,60747,5786210,180696,CLOZAPINE SMELTTABLET 100MG,N05AH02
0,60747,CLOZAPINE,60747,5786210,180718,CLOZAPINE SMELTTABLET 200MG,N05AH02
0,60747,CLOZAPINE,60747,5786210,180726,CLOZAPINE SMELTTABLET  25MG,N05AH02
0,60747,CLOZAPINE,60747,5786210,180734,CLOZAPINE SMELTTABLET  50MG,N05AH02
0,60747,CLOZAPINE,60747,5786210,180750,"CLOZAPINE SMELTTABLET  12,5MG",N05AH02
0,60755,BISOPROLOL FUMARAAT,60666,104344232,66656,BISOPROLOL TABLET   5MG,C07AB07
0,60755,BISOPROLOL FUMARAAT,60666,104344232,66664,BISOPROLOL TABLET  10MG,C07AB07
0,60755,BISOPROLOL FUMARAAT,60666,104344232,93211,"BISOPROLOL/HYDROCHLOORTHIAZIDE TABLET  5/12,5MG",C07BB07
0,60755,BISOPROLOL FUMARAAT,60666,104344232,93238,BISOPROLOL/HYDROCHLOORTHIAZIDE TABLET 10/25MG,C07BB07
0,60755,BISOPROLOL FUMARAAT,60666,104344232,115495,"BISOPROLOL TABLET FO 7,5MG",C07AB07
0,60755,BISOPROLOL FUMARAAT,60666,104344232,118974,"BISOPROLOL TABLET   2,5MG",C07AB07
0,60755,BISOPROLOL FUMARAAT,60666,104344232,136077,"BISOPROLOL TABLET   1,25MG",C07AB07
0,60755,BISOPROLOL FUMARAAT,60666,104344232,138746,BISOPROLOL FUMARAAT,C07AB07
0,60755,BISOPROLOL FUMARAAT,60666,104344232,169951,BISOPROLOL/PERINDOPRIL-ARGININE TABLET  5/ 5MG,C09BX02
0,60755,BISOPROLOL FUMARAAT,60666,104344232,169978,BISOPROLOL/PERINDOPRIL-ARGININE TABLET  5/10MG,C09BX02
0,60755,BISOPROLOL FUMARAAT,60666,104344232,169986,BISOPROLOL/PERINDOPRIL-ARGININE TABLET 10/ 5MG,C09BX02
0,60755,BISOPROLOL FUMARAAT,60666,104344232,169994,BISOPROLOL/PERINDOPRIL-ARGININE TABLET 10/10MG,C09BX02
0,62146,CITALOPRAM HYDROBROMIDE,62138,59729327,101575,CITALOPRAM TABLET OMHULD 10MG,N06AB04
0,62146,CITALOPRAM HYDROBROMIDE,62138,59729327,101583,CITALOPRAM TABLET OMHULD 20MG,N06AB04
0,62146,CITALOPRAM HYDROBROMIDE,62138,59729327,101591,CITALOPRAM TABLET OMHULD 40MG,N06AB04
0,62146,CITALOPRAM HYDROBROMIDE,62138,59729327,122734,CITALOPRAM HYDROBROMIDE,N06AB04
0,62146,CITALOPRAM HYDROBROMIDE,62138,59729327,124982,CITALOPRAM TABLET OMHULD 30MG,N06AB04
0,62146,CITALOPRAM HYDROBROMIDE,62138,59729327,176729,CITALOPRAM TABLET AFBOUW,N06AB04
0,62146,CITALOPRAM HYDROBROMIDE,62138,59729327,182729,CITALOPRAM TABLET 1MG,N06AB04
0,62146,CITALOPRAM HYDROBROMIDE,62138,59729327,184195,"CITALOPRAM CAPSULE 0,5MG",N06AB04
0,62146,CITALOPRAM HYDROBROMIDE,62138,59729327,184209,CITALOPRAM CAPSULE 3MG,N06AB04
0,62162,CITALOPRAM HYDROCHLORIDE,62138,85118270,106496,CITALOPRAM DRUPPELS 40MG/ML,N06AB04
0,62227,METOPROLOL SUCCINAAT,44458,98418474,71005,METOPROLOL TABLET MGA  50MG (SUCCINAAT),C07AB02
0,62227,METOPROLOL SUCCINAAT,44458,98418474,71013,METOPROLOL TABLET MGA 100MG (SUCCINAAT),C07AB02
0,62227,METOPROLOL SUCCINAAT,44458,98418474,71021,METOPROLOL TABLET MGA 200MG (SUCCINAAT),C07AB02
0,62227,METOPROLOL SUCCINAAT,44458,98418474,87289,"METOPROLOL/HYDROCHLOORTHIAZIDE TAB MGA 100/12,5MG",C07BB02
0,62227,METOPROLOL SUCCINAAT,44458,98418474,125598,METOPROLOL TABLET MGA  25MG (SUCCINAAT),C07AB02
0,62340,SIMVASTATIN,62340,79902639,116572,SIMVASTATINE TABLET FO 10MG,C10AA01
0,62340,SIMVASTATIN,62340,79902639,116580,SIMVASTATINE TABLET FO 20MG,C10AA01
0,62340,SIMVASTATIN,62340,79902639,116599,SIMVASTATINE TABLET FO 40MG,C10AA01
0,62340,SIMVASTATIN,62340,79902639,122629,SIMVASTATINE TABLET FO 80MG,C10AA01
0,62340,SIMVASTATIN,62340,79902639,123129,EZETIMIB/SIMVASTATINE TABLET 10/20MG,C10BA02
0,62340,SIMVASTATIN,62340,79902639,123137,EZETIMIB/SIMVASTATINE TABLET 10/40MG,C10BA02
0,62340,SIMVASTATIN,62340,79902639,123145,EZETIMIB/SIMVASTATINE TABLET 10/80MG,C10BA02
0,62340,SIMVASTATIN,62340,79902639,126187,SIMVASTATINE TABLET FO 60MG,C10AA01
0,62340,SIMVASTATIN,62340,79902639,177423,EZETIMIB/SIMVASTATINE TABLET 10/10MG,C10BA02
0,62847,OMEPRAZOLE NATRIUM,34622,95510706,158135,OMEPRAZOL INJECTIE/INFUUS,A02BC01
0,63371,FLUOXETINE HYDROCHLORIDE,58866,59333674,75264,FLUOXETINE CAPSULE 20MG,N06AB03
0,63371,FLUOXETINE HYDROCHLORIDE,58866,59333674,101753,FLUOXETINE TABLET 20MG,N06AB03
0,63371,FLUOXETINE HYDROCHLORIDE,58866,59333674,116769,FLUOXETINE DISPERTABLET 20MG,N06AB03
0,63371,FLUOXETINE HYDROCHLORIDE,58866,59333674,161764,FLUOXETINE HYDROCHLORIDE,N06AB03
0,63371,FLUOXETINE HYDROCHLORIDE,58866,59333674,173193,FLUOXETINE CAPSULE  5MG,N06AB03
0,63371,FLUOXETINE HYDROCHLORIDE,58866,59333674,176842,FLUOXETINE TABLET AFBOUW,N06AB03
0,63371,FLUOXETINE HYDROCHLORIDE,58866,59333674,181714,FLUOXETINE TABLET 5MG,N06AB03
0,64076,ZUCLOPENTHIXOL ACETAAT,38865,85721057,77674,ZUCLOPENTIXOL INJVLST  50MG/ML,N05AF05
0,65447,ORAL CONTRACEPTIVES WITH ESTROGENS,65447,35189287,81639,"ETHINYLESTRADIOL/NORGESTIMAAT TABLET 35UG/0,25MG",G03AA11
0,65560,MOCLOBEMIDE,65560,71320779,114693,MOCLOBEMIDE TABLET OMHULD 150MG,N06AG02
0,65560,MOCLOBEMIDE,65560,71320779,114707,MOCLOBEMIDE TABLET OMHULD 300MG,N06AG02
0,65951,CARVEDILOL,65951,72956093,94498,CARVEDILOL TABLET 25MG,C07AG02
0,65951,CARVEDILOL,65951,72956093,101451,"CARVEDILOL TABLET  6,25MG",C07AG02
0,65951,CARVEDILOL,65951,72956093,120405,"CARVEDILOL TABLET  3,125MG",C07AG02
0,65951,CARVEDILOL,65951,72956093,121045,"CARVEDILOL TABLET 12,5MG",C07AG02
0,65951,CARVEDILOL,65951,72956093,126152,CARVEDILOL TABLET 50MG,C07AG02
0,65951,CARVEDILOL,65951,72956093,151688,CARVEDILOL SUSP ORAAL 1MG/ML,C07AG02
0,66982,PAROXETINE,66982,61869087,157090,PAROXETINE HYDROCHLORIDE-0.5-WATER,N06AB05
0,66982,PAROXETINE,66982,61869087,157104,PAROXETINE SUSP ORAAL 2MG/ML,N06AB05
0,66982,PAROXETINE,66982,61869087,157112,PAROXETINE TABLET 20MG,N06AB05
0,66982,PAROXETINE,66982,61869087,157120,PAROXETINE TABLET 10MG,N06AB05
0,66982,PAROXETINE,66982,61869087,157139,PAROXETINE TABLET 30MG,N06AB05
0,66982,PAROXETINE,66982,61869087,157147,PAROXETINE TABLET 40MG,N06AB05
0,66982,PAROXETINE,66982,61869087,176621,PAROXETINE TABLET AFBOUW,N06AB05
0,66982,PAROXETINE,66982,61869087,181781,"PAROXETINE TABLET 0,5MG",N06AB05
0,66982,PAROXETINE,66982,61869087,182877,PAROXETINE TABLET 1MG,N06AB05
0,66982,PAROXETINE,66982,61869087,184225,"PAROXETINE CAPSULE 0,5MG",N06AB05
0,66982,PAROXETINE,66982,61869087,184233,PAROXETINE CAPSULE 3MG,N06AB05
0,67490,SERTRALINE HYDROCHLORIDE,67482,79559970,92991,SERTRALINE TABLET  50MG,N06AB06
0,67490,SERTRALINE HYDROCHLORIDE,67482,79559970,93009,SERTRALINE TABLET 100MG,N06AB06
0,67490,SERTRALINE HYDROCHLORIDE,67482,79559970,113255,SERTRALINE CONC VOOR DRANK 20MG/ML,N06AB06
0,67490,SERTRALINE HYDROCHLORIDE,67482,79559970,140597,SERTRALINE HYDROCHLORIDE,N06AB06
0,67490,SERTRALINE HYDROCHLORIDE,67482,79559970,176710,SERTRALINE TABLET AFBOUW,N06AB06
0,67490,SERTRALINE HYDROCHLORIDE,67482,79559970,178616,"SERTRALINE TABLET  12,5MG",N06AB06
0,67490,SERTRALINE HYDROCHLORIDE,67482,79559970,178918,"SERTRALINE TABLET   2,5MG",N06AB06
0,67490,SERTRALINE HYDROCHLORIDE,67482,79559970,181773,SERTRALINE TABLET   5MG,N06AB06
0,67490,SERTRALINE HYDROCHLORIDE,67482,79559970,183296,"SERTRALINE CAPSULE 12,5MG",N06AB06
0,67490,SERTRALINE HYDROCHLORIDE,67482,79559970,184241,"SERTRALINE CAPSULE  1,25MG",N06AB06
0,67490,SERTRALINE HYDROCHLORIDE,67482,79559970,184519,SERTRALINE CAPSULE  5MG,N06AB06
0,67547,FLUCLOXACILLIN MAGNESIUM-8-WATER,40991,58486365,122599,FLUCLOXACILLINE SUSP ORAAL 25MG/ML,J01CF05
0,67822,MIRTAZAPINE,67822,61337675,93521,MIRTAZAPINE TABLET 15MG,N06AX11
0,67822,MIRTAZAPINE,67822,61337675,93548,MIRTAZAPINE TABLET 30MG,N06AX11
0,67822,MIRTAZAPINE,67822,61337675,97136,MIRTAZAPINE TABLET 45MG,N06AX11
0,67822,MIRTAZAPINE,67822,61337675,113492,MIRTAZAPINE DRANK 15MG/ML,N06AX11
0,67822,MIRTAZAPINE,67822,61337675,115304,MIRTAZAPINE SMELTTABLET 30MG,N06AX11
0,67822,MIRTAZAPINE,67822,61337675,115312,MIRTAZAPINE SMELTTABLET 45MG,N06AX11
0,67822,MIRTAZAPINE,67822,61337675,116556,MIRTAZAPINE SMELTTABLET 15MG,N06AX11
0,67822,MIRTAZAPINE,67822,61337675,158704,MIRTAZAPINE,N06AX11
0,67822,MIRTAZAPINE,67822,61337675,173231,"MIRTAZAPINE TABLET  3,75MG",N06AX11
0,68373,RISPERIDONE,68373,106266062,97799,RISPERIDON DRANK 1MG/ML,N05AX08
0,68373,RISPERIDONE,68373,106266062,105325,RISPERIDON TABLET OMHULD 1MG,N05AX08
0,68373,RISPERIDONE,68373,106266062,105333,RISPERIDON TABLET OMHULD 2MG,N05AX08
0,68373,RISPERIDONE,68373,106266062,105341,RISPERIDON TABLET OMHULD 3MG,N05AX08
0,68373,RISPERIDONE,68373,106266062,105368,RISPERIDON TABLET OMHULD 4MG,N05AX08
0,68373,RISPERIDONE,68373,106266062,105376,RISPERIDON TABLET OMHULD 6MG,N05AX08
0,68373,RISPERIDONE,68373,106266062,110213,"RISPERIDON TABLET OMHULD 0,5MG",N05AX08
0,68373,RISPERIDONE,68373,106266062,116939,RISPERIDON PDR V INJSUSP 25MG,N05AX08
0,68373,RISPERIDONE,68373,106266062,116947,"RISPERIDON PDR V INJSUSP 37,5MG",N05AX08
0,68373,RISPERIDONE,68373,106266062,116955,RISPERIDON PDR V INJSUSP 50MG,N05AX08
0,68373,RISPERIDONE,68373,106266062,169439,RISPERIDON,N05AX08
0,68462,LANSOPRAZOLE,68462,103577453,90204,LANSOPRAZOL CAPSULE MSR 30MG,A02BC03
0,68462,LANSOPRAZOLE,68462,103577453,124621,LANSOPRAZOL CAPSULE MSR 15MG,A02BC03
0,69000,TRAMADOL HYDROCHLORIDE,68993,22204882,88641,TRAMADOL ZETPIL 100MG,N02AX02
0,69000,TRAMADOL HYDROCHLORIDE,68993,22204882,88668,TRAMADOL CAPSULE 50MG,N02AX02
0,69000,TRAMADOL HYDROCHLORIDE,68993,22204882,88692,TRAMADOL INJVLST 50MG/ML,N02AX02
0,69000,TRAMADOL HYDROCHLORIDE,68993,22204882,94501,TRAMADOL HYDROCHLORIDE,N02AX02
0,69000,TRAMADOL HYDROCHLORIDE,68993,22204882,94625,TRAMADOL DRUPPELS 100MG/ML,N02AX02
0,69000,TRAMADOL HYDROCHLORIDE,68993,22204882,101761,TRAMADOL BRUISTABLET 50MG,N02AX02
0,69000,TRAMADOL HYDROCHLORIDE,68993,22204882,104213,TRAMADOL TABLET MGA 100MG,N02AX02
0,69000,TRAMADOL HYDROCHLORIDE,68993,22204882,104221,TRAMADOL TABLET MGA 150MG,N02AX02
0,69000,TRAMADOL HYDROCHLORIDE,68993,22204882,104248,TRAMADOL TABLET MGA 200MG,N02AX02
0,69000,TRAMADOL HYDROCHLORIDE,68993,22204882,107166,TRAMADOL CAPSULE MGA 100MG,N02AX02
0,69000,TRAMADOL HYDROCHLORIDE,68993,22204882,107174,TRAMADOL CAPSULE MGA 150MG,N02AX02
0,69000,TRAMADOL HYDROCHLORIDE,68993,22204882,107182,TRAMADOL CAPSULE MGA 200MG,N02AX02
0,69000,TRAMADOL HYDROCHLORIDE,68993,22204882,109738,TRAMADOL CAPSULE MGA  50MG,N02AX02
0,69000,TRAMADOL HYDROCHLORIDE,68993,22204882,109959,TRAMADOL TABLET MGA 300MG,N02AX02
0,69000,TRAMADOL HYDROCHLORIDE,68993,22204882,117498,"TRAMADOL/PARACETAMOL TABLET 37,5/325MG",N02AJ13
0,69000,TRAMADOL HYDROCHLORIDE,68993,22204882,185418,TRAMADOL ZETPIL  50MG,N02AX02
0,69086,FLUVASTATIN NATRIUM,69078,93957552,96512,FLUVASTATINE CAPSULE 20MG,C10AA04
0,69086,FLUVASTATIN NATRIUM,69078,93957552,96520,FLUVASTATINE CAPSULE 40MG,C10AA04
0,69086,FLUVASTATIN NATRIUM,69078,93957552,114022,FLUVASTATINE TABLET MGA 80MG,C10AA04
0,69620,VENLAFAXINE HYDROCHLORIDE,69612,99300784,101117,VENLAFAXINE CAPSULE MGA 150MG,N06AX16
0,69620,VENLAFAXINE HYDROCHLORIDE,69612,99300784,101133,VENLAFAXINE CAPSULE MGA  75MG,N06AX16
0,69620,VENLAFAXINE HYDROCHLORIDE,69612,99300784,114944,"VENLAFAXINE CAPSULE MGA  37,5MG",N06AX16
0,69620,VENLAFAXINE HYDROCHLORIDE,69612,99300784,135682,VENLAFAXINE TABLET MGA 225MG,N06AX16
0,69620,VENLAFAXINE HYDROCHLORIDE,69612,99300784,158720,VENLAFAXINE HYDROCHLORIDE,N06AX16
0,69620,VENLAFAXINE HYDROCHLORIDE,69612,99300784,169285,VENLAFAXINE CAPSULE MGA 225MG,N06AX16
0,69620,VENLAFAXINE HYDROCHLORIDE,69612,99300784,176702,VENLAFAXINE TABLET MGA AFBOUW,N06AX16
0,69620,VENLAFAXINE HYDROCHLORIDE,69612,99300784,178365,VENLAFAXINE TABLET MGA   5MG,N06AX16
0,69620,VENLAFAXINE HYDROCHLORIDE,69612,99300784,178705,"VENLAFAXINE TABLET  9,375MG",N06AX16
0,69620,VENLAFAXINE HYDROCHLORIDE,69612,99300784,178713,VENLAFAXINE TABLET  1MG,N06AX16
0,69620,VENLAFAXINE HYDROCHLORIDE,69612,99300784,178721,VENLAFAXINE TABLET  5MG,N06AX16
0,69620,VENLAFAXINE HYDROCHLORIDE,69612,99300784,178756,VENLAFAXINE TABLET MGA  10MG,N06AX16
0,69620,VENLAFAXINE HYDROCHLORIDE,69612,99300784,178764,VENLAFAXINE TABLET MGA  20MG,N06AX16
0,69620,VENLAFAXINE HYDROCHLORIDE,69612,99300784,179078,VENLAFAXINE TABLET MGA 300MG,N06AX16
3,69620,VENLAFAXINE HYDROCHLORIDE,69612,99300784,185914,VENLAFAXINE TABLET MGA 1MG,N06AX16
0,71668,TACROLIMUS,71668,104987113,99287,TACROLIMUS INFOPL CONC 5MG/ML,L04AD02
0,71668,TACROLIMUS,71668,104987113,151092,TACROLIMUS INFUUS,L04AD02
0,71676,TACROLIMUS 1-WATER,71668,109581933,133078,"TACROLIMUS CAPSULE 0,5MG",L04AD02
0,71676,TACROLIMUS 1-WATER,71668,109581933,133086,TACROLIMUS CAPSULE 1MG,L04AD02
0,71676,TACROLIMUS 1-WATER,71668,109581933,133094,TACROLIMUS CAPSULE 5MG,L04AD02
0,71676,TACROLIMUS 1-WATER,71668,109581933,133302,TACROLIMUS,L04AD02
0,71676,TACROLIMUS 1-WATER,71668,109581933,135429,"TACROLIMUS CAPSULE MGA 0,5MG (DAILIPORT/ADVAGRAF)",L04AD02
0,71676,TACROLIMUS 1-WATER,71668,109581933,135437,TACROLIMUS CAPSULE MGA 1MG (DAILIPORT/ADVAGRAF),L04AD02
0,71676,TACROLIMUS 1-WATER,71668,109581933,135445,TACROLIMUS CAPSULE MGA 3MG (DAILIPORT/ADVAGRAF),L04AD02
0,71676,TACROLIMUS 1-WATER,71668,109581933,135453,TACROLIMUS CAPSULE MGA 5MG (DAILIPORT/ADVAGRAF),L04AD02
0,71676,TACROLIMUS 1-WATER,71668,109581933,139378,"TACROLIMUS SUSP ORAAL 0,5MG/ML",L04AD02
0,71676,TACROLIMUS 1-WATER,71668,109581933,141437,"TACROLIMUS GRAN VOOR SUSP 0,2MG",L04AD02
0,71676,TACROLIMUS 1-WATER,71668,109581933,153109,"TACROLIMUS TABLET MGA 0,75MG (ENVARSUS)",L04AD02
0,71676,TACROLIMUS 1-WATER,71668,109581933,153117,TACROLIMUS TABLET MGA 4MG (ENVARSUS),L04AD02
0,71676,TACROLIMUS 1-WATER,71668,109581933,153125,TACROLIMUS TABLET MGA 1MG (ENVARSUS),L04AD02
0,71676,TACROLIMUS 1-WATER,71668,109581933,169404,TACROLIMUS SUSP ORAAL 2MG/ML,L04AD02
0,71676,TACROLIMUS 1-WATER,71668,109581933,177504,TACROLIMUS CAPSULE 2MG,L04AD02
0,71676,TACROLIMUS 1-WATER,71668,109581933,180149,TACROLIMUS CAPSULE MGA 2MG (DAILIPORT),L04AD02
0,71676,TACROLIMUS 1-WATER,71668,109581933,182761,TACROLIMUS SUSP ORAAL 1MG/ML,L04AD02
0,71730,PANTOPRAZOLE NATRIUM-1.5-WATER,71722,138786671,96938,PANTOPRAZOL TABLET MSR 40MG,A02BC02
0,71730,PANTOPRAZOLE NATRIUM-1.5-WATER,71722,138786671,104280,PANTOPRAZOL INJECTIEPOEDER 40MG,A02BC02
0,71730,PANTOPRAZOLE NATRIUM-1.5-WATER,71722,138786671,106275,PANTOPRAZOL TABLET MSR 20MG,A02BC02
0,71730,PANTOPRAZOLE NATRIUM-1.5-WATER,71722,138786671,107115,AMOXICIL/CLARITRO/PANTOPRA (PANCLAMOX),A02BD04
0,71730,PANTOPRAZOLE NATRIUM-1.5-WATER,71722,138786671,183032,"PANTOPRAZOL INFVLST 0,667MG/ML",A02BC02
0,72664,OLANZAPINE,72664,132539061,99953,OLANZAPINE TABLET  5MG,N05AH03
0,72664,OLANZAPINE,72664,132539061,99988,OLANZAPINE TABLET 10MG,N05AH03
0,72664,OLANZAPINE,72664,132539061,114588,OLANZAPINE SMELTTABLET 10MG,N05AH03
0,72664,OLANZAPINE,72664,132539061,114596,OLANZAPINE SMELTTABLET  5MG,N05AH03
0,72664,OLANZAPINE,72664,132539061,114839,OLANZAPINE TABLET 15MG,N05AH03
0,72664,OLANZAPINE,72664,132539061,114847,OLANZAPINE SMELTTABLET 15MG,N05AH03
0,72664,OLANZAPINE,72664,132539061,115096,"OLANZAPINE TABLET  2,5MG",N05AH03
0,72664,OLANZAPINE,72664,132539061,117773,OLANZAPINE TABLET 20MG,N05AH03
0,72664,OLANZAPINE,72664,132539061,117781,OLANZAPINE SMELTTABLET 20MG,N05AH03
0,72664,OLANZAPINE,72664,132539061,118710,OLANZAPINE PDR V INJOPL 10MG,N05AH03
0,72664,OLANZAPINE,72664,132539061,166901,OLANZAPINE,N05AH03
0,72672,GLIMEPIRIDE,72672,93479971,98329,GLIMEPIRIDE TABLET 1MG,A10BB12
0,72672,GLIMEPIRIDE,72672,93479971,98337,GLIMEPIRIDE TABLET 2MG,A10BB12
0,72672,GLIMEPIRIDE,72672,93479971,98345,GLIMEPIRIDE TABLET 3MG,A10BB12
0,72672,GLIMEPIRIDE,72672,93479971,98353,GLIMEPIRIDE TABLET 4MG,A10BB12
0,72672,GLIMEPIRIDE,72672,93479971,126179,GLIMEPIRIDE TABLET 6MG,A10BB12
0,73881,IRINOTECAN,73881,97682445,166758,"IRINOTECAN INFC 4,3MG/ML(PEG-LIPOS)(5MG/ML HCL-3W)",L01CE02
0,73903,IRINOTECAN HYDROCHLORIDE-3-WATER,73881,136572093,105120,IRINOTECAN INFOPL CONC 20MG/ML,L01CE02
0,73903,IRINOTECAN HYDROCHLORIDE-3-WATER,73881,136572093,137693,IRINOTECAN INFUUS,L01CE02
0,75035,CLOPIDOGREL,75035,113665842,156655,CLOPIDOGREL TABLET   75MG,B01AC04
0,75035,CLOPIDOGREL,75035,113665842,156663,CLOPIDOGREL TABLET  300MG,B01AC04
0,75035,CLOPIDOGREL,75035,113665842,156671,ACETYLSALICYLZUUR/CLOPIDOGREL TABLET 100/75MG,B01AC30
0,75035,CLOPIDOGREL,75035,113665842,184071,CLOPIDOGREL TABLET  25MG,B01AC04
0,75035,CLOPIDOGREL,75035,113665842,184985,CLOPIDOGREL WATERSTOFSULFAAT,B01AC04
0,75078,ORAL CONTRACEPTIVES WITH ESTROGENS,9318,35380713,139440,"ESTRADIOL/NOMEGESTROL TABLET 1,5/2,5MG",G03AA14
0,76384,OMEPRAZOLE MAGNESIUM,34622,95382335,130613,OMEPRAZOL TABLET MSR 10MG,A02BC01
0,76384,OMEPRAZOLE MAGNESIUM,34622,95382335,130621,OMEPRAZOL TABLET MSR 40MG,A02BC01
0,76384,OMEPRAZOLE MAGNESIUM,34622,95382335,130648,OMEPRAZOL TABLET MSR 20MG,A02BC01
0,76708,QUETIAPINE FUMARAAT,76694,111974722,113956,QUETIAPINE TABLET FO 300MG,N05AH04
0,76708,QUETIAPINE FUMARAAT,76694,111974722,113964,QUETIAPINE TABLET FO 200MG,N05AH04
0,76708,QUETIAPINE FUMARAAT,76694,111974722,113972,QUETIAPINE TABLET FO 100MG,N05AH04
0,76708,QUETIAPINE FUMARAAT,76694,111974722,113980,QUETIAPINE TABLET FO  25MG,N05AH04
0,76708,QUETIAPINE FUMARAAT,76694,111974722,122327,QUETIAPINE TABLET FO 150MG,N05AH04
0,76708,QUETIAPINE FUMARAAT,76694,111974722,127817,QUETIAPINE TABLET MGA  50MG,N05AH04
0,76708,QUETIAPINE FUMARAAT,76694,111974722,127825,QUETIAPINE TABLET MGA 200MG,N05AH04
0,76708,QUETIAPINE FUMARAAT,76694,111974722,127833,QUETIAPINE TABLET MGA 300MG,N05AH04
0,76708,QUETIAPINE FUMARAAT,76694,111974722,127841,QUETIAPINE TABLET MGA 400MG,N05AH04
0,76708,QUETIAPINE FUMARAAT,76694,111974722,134589,QUETIAPINE TABLET MGA 150MG,N05AH04
0,76708,QUETIAPINE FUMARAAT,76694,111974722,154881,"QUETIAPINE TABLET  12,5MG",N05AH04
0,76708,QUETIAPINE FUMARAAT,76694,111974722,156833,"QUETIAPINE TABLET   6,25MG",N05AH04
0,76708,QUETIAPINE FUMARAAT,76694,111974722,168661,QUETIAPINE FUMARAAT,N05AH04
0,76708,QUETIAPINE FUMARAAT,76694,111974722,182702,"QUETIAPINE CAPSULE 6,25MG",N05AH04
0,76783,ABACAVIR,76783,136470785,165565,ABACAVIR TABLET 300MG,J05AF06
0,76783,ABACAVIR,76783,136470785,165573,ABACAVIR DRANK 20MG/ML,J05AF06
0,76783,ABACAVIR,76783,136470785,165581,ABACAVIR/LAMIVUDINE/ZIDOVUDINE TAB 300/150/300MG,J05AR04
0,76783,ABACAVIR,76783,136470785,165603,DOLUTEGRAVIR/ABACAVIR/LAMIVUDINE TAB 50/600/300MG,J05AR13
0,76783,ABACAVIR,76783,136470785,165638,ABACAVIR/LAMIVUDINE TABLET 600/300MG,J05AR02
0,77305,RABEPRAZOLE NATRIUM,77291,117976906,108944,RABEPRAZOL TABLET MSR 10MG,A02BC04
0,77305,RABEPRAZOLE NATRIUM,77291,117976906,108952,RABEPRAZOL TABLET MSR 20MG,A02BC04
0,77771,EFAVIRENZ,77771,154598524,114855,EFAVIRENZ DRANK 30MG/ML,J05AG03
0,77771,EFAVIRENZ,77771,154598524,115975,EFAVIRENZ TABLET FO 600MG,J05AG03
0,77771,EFAVIRENZ,77771,154598524,128198,EFAVIRENZ TABLET FO  50MG,J05AG03
0,77771,EFAVIRENZ,77771,154598524,128333,EFAVIRENZ TABLET FO 200MG,J05AG03
0,77771,EFAVIRENZ,77771,154598524,171700,EMTRICITABINE/TENOFOVIRDISOP/EFAVI T 200/245/600MG,J05AR06
0,79618,CAPECITABINE,79618,154361509,112984,CAPECITABINE TABLET FO 500MG,L01BC06
0,79618,CAPECITABINE,79618,154361509,112992,CAPECITABINE TABLET FO 150MG,L01BC06
0,79618,CAPECITABINE,79618,154361509,152889,CAPECITABINE TABLET FO 300MG,L01BC06
0,80217,ORAL CONTRACEPTIVES WITH ESTROGENS,80217,67392874,110922,ETHINYLESTRADIOL/DROSPIRENON TAB 30UG/3MG,G03AA12
0,80217,ORAL CONTRACEPTIVES WITH ESTROGENS,80217,67392874,125261,ETHINYLESTRADIOL/DROSPIRENON TAB 20UG/3MG,G03AA12
0,80586,ESOMEPRAZOLE MAGNESIUM-3-WATER,80365,202742323,111880,ESOMEPRAZOL TABLET MSR 40MG,A02BC05
0,80586,ESOMEPRAZOLE MAGNESIUM-3-WATER,80365,202742323,111899,ESOMEPRAZOL TABLET MSR 20MG,A02BC05
0,80586,ESOMEPRAZOLE MAGNESIUM-3-WATER,80365,202742323,129623,ESOMEPRAZOL GRAN VOOR SUSP. 10MG,A02BC05
0,80586,ESOMEPRAZOLE MAGNESIUM-3-WATER,80365,202742323,135178,NAPROXEN/ESOMEPRAZOL TABLET MGA 500/20MG,M01AE52
0,81116,ORAL CONTRACEPTIVES WITH ESTROGENS,81116,65928587,131334,ESTRADIOL/DIENOGEST TABLETTEN (QLAIRA),G03AB08
0,81167,VORICONAZOLE,81167,137234629,115460,VORICONAZOL TABLET FO  50MG,J02AC03
0,81167,VORICONAZOLE,81167,137234629,115479,VORICONAZOL TABLET FO 200MG,J02AC03
0,81167,VORICONAZOLE,81167,137234629,115487,VORICONAZOL INFUSIEPOEDER 200MG,J02AC03
0,81167,VORICONAZOLE,81167,137234629,120324,VORICONAZOL SUSP ORAAL 40MG/ML,J02AC03
0,81167,VORICONAZOLE,81167,137234629,137766,VORICONAZOL INFUUS,J02AC03
0,81167,VORICONAZOLE,81167,137234629,175099,VORICONAZOL OOGDRUPPELS 10MG/ML,S01AX
0,82791,ARIPIPRAZOLE,82791,129722129,121894,ARIPIPRAZOL TABLET 10MG,N05AX12
0,82791,ARIPIPRAZOLE,82791,129722129,121908,ARIPIPRAZOL TABLET 15MG,N05AX12
0,82791,ARIPIPRAZOLE,82791,129722129,121916,ARIPIPRAZOL TABLET 30MG,N05AX12
0,82791,ARIPIPRAZOLE,82791,129722129,129143,"ARIPIPRAZOL INJVLST 7,5MG/ML",N05AX12
0,82791,ARIPIPRAZOLE,82791,129722129,144118,ARIPIPRAZOL TABLET  1MG,N05AX12
0,82791,ARIPIPRAZOLE,82791,129722129,144126,"ARIPIPRAZOL TABLET  2,5MG",N05AX12
0,82791,ARIPIPRAZOLE,82791,129722129,144215,"ARIPIPRAZOL CAPSULE 2,5MG",N05AX12
0,82791,ARIPIPRAZOLE,82791,129722129,144355,"ARIPIPRAZOL CAPSULE 0,5MG",N05AX12
0,82791,ARIPIPRAZOLE,82791,129722129,144363,ARIPIPRAZOL CAPSULE 2MG,N05AX12
0,82791,ARIPIPRAZOLE,82791,129722129,144371,ARIPIPRAZOL CAPSULE 1MG,N05AX12
0,82791,ARIPIPRAZOLE,82791,129722129,147605,ARIPIPRAZOL PDR V INJSUSP 400MG,N05AX12
0,82791,ARIPIPRAZOLE,82791,129722129,149748,"ARIPIPRAZOL DRANK 0,5MG/ML",N05AX12
0,82791,ARIPIPRAZOLE,82791,129722129,151149,ARIPIPRAZOL TABLET  2MG,N05AX12
0,82791,ARIPIPRAZOLE,82791,129722129,151157,ARIPIPRAZOL TABLET  3MG,N05AX12
0,82791,ARIPIPRAZOLE,82791,129722129,151173,ARIPIPRAZOL TABLET  5MG,N05AX12
0,82791,ARIPIPRAZOLE,82791,129722129,156264,"ARIPIPRAZOL CAPSULE 1,5MG",N05AX12
0,82791,ARIPIPRAZOLE,82791,129722129,158275,ARIPIPRAZOL DRANK 1MG/ML,N05AX12
0,82791,ARIPIPRAZOLE,82791,129722129,161136,ARIPIPRAZOL,N05AX12
0,82791,ARIPIPRAZOLE,82791,129722129,165808,ARIPIPRAZOL SUSP ORAAL 1MG/ML,N05AX12
0,82902,ATOMOXETINE HYDROCHLORIDE,82899,82248597,122874,ATOMOXETINE CAPSULE  10MG,N06BA09
0,82902,ATOMOXETINE HYDROCHLORIDE,82899,82248597,122882,ATOMOXETINE CAPSULE  18MG,N06BA09
0,82902,ATOMOXETINE HYDROCHLORIDE,82899,82248597,122890,ATOMOXETINE CAPSULE  25MG,N06BA09
0,82902,ATOMOXETINE HYDROCHLORIDE,82899,82248597,122904,ATOMOXETINE CAPSULE  40MG,N06BA09
0,82902,ATOMOXETINE HYDROCHLORIDE,82899,82248597,122912,ATOMOXETINE CAPSULE  60MG,N06BA09
0,82902,ATOMOXETINE HYDROCHLORIDE,82899,82248597,131156,ATOMOXETINE CAPSULE  80MG,N06BA09
0,82902,ATOMOXETINE HYDROCHLORIDE,82899,82248597,141747,ATOMOXETINE CAPSULE 100MG,N06BA09
0,82902,ATOMOXETINE HYDROCHLORIDE,82899,82248597,177911,ATOMOXETINE TABLET  10MG,N06BA09
0,82902,ATOMOXETINE HYDROCHLORIDE,82899,82248597,177938,ATOMOXETINE TABLET 100MG,N06BA09
0,82902,ATOMOXETINE HYDROCHLORIDE,82899,82248597,177946,ATOMOXETINE TABLET  18MG,N06BA09
0,82902,ATOMOXETINE HYDROCHLORIDE,82899,82248597,177954,ATOMOXETINE TABLET  25MG,N06BA09
0,82902,ATOMOXETINE HYDROCHLORIDE,82899,82248597,177962,ATOMOXETINE TABLET  40MG,N06BA09
0,82902,ATOMOXETINE HYDROCHLORIDE,82899,82248597,177970,ATOMOXETINE TABLET  60MG,N06BA09
0,82902,ATOMOXETINE HYDROCHLORIDE,82899,82248597,177989,ATOMOXETINE TABLET  80MG,N06BA09
0,83194,GEFITINIB,83194,184475352,132020,GEFITINIB TABLET 250MG,L01EB01
0,83747,ESOMEPRAZOLE NATRIUM,80365,161796787,138347,ESOMEPRAZOL PDR INJ/INFOPL 40MG,A02BC05
0,83941,ESCITALOPRAM OXALAAT,83933,219861082,121681,ESCITALOPRAM TABLET 10MG,N06AB10
0,83941,ESCITALOPRAM OXALAAT,83933,219861082,121703,ESCITALOPRAM TABLET 20MG,N06AB10
0,83941,ESCITALOPRAM OXALAAT,83933,219861082,128465,ESCITALOPRAM TABLET 15MG,N06AB10
0,83941,ESCITALOPRAM OXALAAT,83933,219861082,130192,ESCITALOPRAM DRUPPELS 20MG/ML,N06AB10
0,83941,ESCITALOPRAM OXALAAT,83933,219861082,136565,ESCITALOPRAM TABLET  5MG,N06AB10
0,83941,ESCITALOPRAM OXALAAT,83933,219861082,184470,"ESCITALOPRAM CAPSULE 0,25MG",N06AB10
0,83941,ESCITALOPRAM OXALAAT,83933,219861082,184489,"ESCITALOPRAM CAPSULE 0,5MG",N06AB10
0,83941,ESCITALOPRAM OXALAAT,83933,219861082,184497,ESCITALOPRAM CAPSULE 1MG,N06AB10
0,84107,DULOXETINE HYDROCHLORIDE,84093,136434349,124419,DULOXETINE CAPSULE MSR 30MG,N06AX21
0,84107,DULOXETINE HYDROCHLORIDE,84093,136434349,124427,DULOXETINE CAPSULE MSR 60MG,N06AX21
0,84158,ORAL CONTRACEPTIVES WITH ESTROGENS,84131,58652203,139440,"ESTRADIOL/NOMEGESTROL TABLET 1,5/2,5MG",G03AA14
0,88153,PRASUGREL,88153,150322433,177237,PRASUGREL TABLET  5MG,B01AC22
0,88153,PRASUGREL,88153,150322433,177245,PRASUGREL TABLET 10MG,B01AC22
0,88307,OLANZAPINE EMBONAAT-1-WATER,72664,221373188,131520,OLANZAPINE PDR V INJSUSP 210MG,N05AH03
0,88307,OLANZAPINE EMBONAAT-1-WATER,72664,221373188,131539,OLANZAPINE PDR V INJSUSP 300MG,N05AH03
0,88307,OLANZAPINE EMBONAAT-1-WATER,72664,221373188,131547,OLANZAPINE PDR V INJSUSP 405MG,N05AH03
0,89362,ESOMEPRAZOLE MAGNESIUM-2-WATER,80365,0,134686,ESOMEPRAZOL CAPSULE MSR 20MG,A02BC05
0,89362,ESOMEPRAZOLE MAGNESIUM-2-WATER,80365,0,134694,ESOMEPRAZOL CAPSULE MSR 40MG,A02BC05
0,89796,TICAGRELOR,89796,274693275,136271,TICAGRELOR TABLET 90MG,B01AC24
0,89796,TICAGRELOR,89796,274693275,161306,TICAGRELOR TABLET 60MG,B01AC24
0,89796,TICAGRELOR,89796,274693275,176354,TICAGRELOR SMELTTABLET 90MG,B01AC24
0,90271,ATORVASTATIN CALCIUM-3-WATER,74020,344423989,137197,ATORVASTATINE TABLET 10MG,C10AA05
0,90271,ATORVASTATIN CALCIUM-3-WATER,74020,344423989,137200,ATORVASTATINE TABLET 20MG,C10AA05
0,90271,ATORVASTATIN CALCIUM-3-WATER,74020,344423989,137219,ATORVASTATINE TABLET 40MG,C10AA05
0,90271,ATORVASTATIN CALCIUM-3-WATER,74020,344423989,137227,ATORVASTATINE TABLET 80MG,C10AA05
0,90271,ATORVASTATIN CALCIUM-3-WATER,74020,344423989,137340,ATORVASTATINE KAUWTABLET 10MG,C10AA05
0,90271,ATORVASTATIN CALCIUM-3-WATER,74020,344423989,137359,ATORVASTATINE KAUWTABLET 20MG,C10AA05
0,90271,ATORVASTATIN CALCIUM-3-WATER,74020,344423989,155136,EZETIMIB/ATORVASTATINE TABLET 10/10MG,C10BA05
0,90271,ATORVASTATIN CALCIUM-3-WATER,74020,344423989,155144,EZETIMIB/ATORVASTATINE TABLET 10/20MG,C10BA05
0,90271,ATORVASTATIN CALCIUM-3-WATER,74020,344423989,155152,EZETIMIB/ATORVASTATINE TABLET 10/40MG,C10BA05
0,92258,DEXMETHYLPHENIDATE HYDROCHLORIDE,85189,19262681,142786,DEXMETHYLFENIDAAT HYDROCHLORIDE,N06BA11
0,93718,ELIGLUSTAT TARTRAAT,93696,928659705,165433,ELIGLUSTAT CAPSULE 84MG,A16AX10
0,98248,BREXPIPRAZOL,98248,913611979,177717,BREXPIPRAZOL TABLET 1MG,N05AX16
0,98248,BREXPIPRAZOL,98248,913611979,177725,BREXPIPRAZOL TABLET 2MG,N05AX16
0,98248,BREXPIPRAZOL,98248,913611979,177733,BREXPIPRAZOL TABLET 3MG,N05AX16
0,98248,BREXPIPRAZOL,98248,913611979,177741,BREXPIPRAZOL TABLET 4MG,N05AX16
0,99015,SIPONIMOD FUMARAAT,99007,1234627850,181072,"SIPONIMOD TABLET 0,25MG",L04AA42
0,99015,SIPONIMOD FUMARAAT,99007,1234627850,181080,SIPONIMOD TABLET 2MG,L04AA42
